{"v":"5.7.0","fr":25,"ip":0,"op":175,"w":700,"h":300,"nm":"SPX_LikeAndSubscribe","ddd":0,"assets":[],"layers":[{"ddd":0,"ind":1,"ty":4,"nm":"Line Burst 3","parent":3,"sr":1,"ks":{"o":{"a":0,"k":100,"ix":11},"r":{"a":0,"k":44,"ix":10},"p":{"a":0,"k":[-34.7,-24.1,0],"ix":2},"a":{"a":0,"k":[0,0,0],"ix":1},"s":{"a":0,"k":[100,100,100],"ix":6}},"ao":0,"shapes":[{"ty":"gr","it":[{"ty":"rc","d":1,"s":{"a":1,"k":[{"i":{"x":[0.667,0.667],"y":[1,1]},"o":{"x":[0.167,0.167],"y":[0,0.167]},"t":90,"s":[3,0]},{"i":{"x":[0.833,0.833],"y":[1,0.833]},"o":{"x":[0.333,0.333],"y":[0,0]},"t":96,"s":[3,17.1]},{"t":101,"s":[3,0]}],"ix":2},"p":{"a":1,"k":[{"i":{"x":0.568,"y":1},"o":{"x":0.167,"y":0.167},"t":90,"s":[0,0],"to":[0,-10.394],"ti":[0,1.773]},{"t":106,"s":[0,-73]}],"ix":3},"r":{"a":0,"k":0,"ix":4},"nm":"Rectangle Path 1","mn":"ADBE Vector Shape - Rect","hd":false},{"ty":"rp","c":{"a":0,"k":8,"ix":1},"o":{"a":0,"k":0,"ix":2},"m":1,"ix":2,"tr":{"ty":"tr","p":{"a":0,"k":[0,0],"ix":2},"a":{"a":0,"k":[0,0],"ix":1},"s":{"a":0,"k":[100,100],"ix":3},"r":{"a":0,"k":64,"ix":4},"so":{"a":0,"k":100,"ix":5},"eo":{"a":0,"k":68,"ix":6},"nm":"Transform"},"nm":"Repeater 1","mn":"ADBE Vector Filter - Repeater","hd":false},{"ty":"tr","p":{"a":0,"k":[0,0],"ix":2},"a":{"a":0,"k":[0,0],"ix":1},"s":{"a":0,"k":[100,100],"ix":3},"r":{"a":0,"k":0,"ix":6},"o":{"a":0,"k":100,"ix":7},"sk":{"a":0,"k":0,"ix":4},"sa":{"a":0,"k":0,"ix":5},"nm":"Transform"}],"nm":"Group 1","np":2,"cix":2,"bm":0,"ix":1,"mn":"ADBE Vector Group","hd":false},{"ty":"fl","c":{"a":0,"k":[1,1,1,1],"ix":4},"o":{"a":0,"k":100,"ix":5},"r":1,"bm":0,"nm":"Fill 1","mn":"ADBE Vector Graphic - Fill","hd":false}],"ip":90,"op":110,"st":90,"bm":0},{"ddd":0,"ind":2,"ty":3,"nm":"MOVEALL","sr":1,"ks":{"o":{"a":0,"k":0,"ix":11},"r":{"a":0,"k":0,"ix":10},"p":{"a":0,"k":[177,177,0],"ix":2},"a":{"a":0,"k":[0,0,0],"ix":1},"s":{"a":0,"k":[100,100,100],"ix":6}},"ao":0,"ip":0,"op":175,"st":0,"bm":0},{"ddd":0,"ind":3,"ty":3,"nm":"Null 2","parent":2,"sr":1,"ks":{"o":{"a":0,"k":0,"ix":11},"r":{"a":0,"k":0,"ix":10},"p":{"a":0,"k":[376.7,0,0],"ix":2},"a":{"a":0,"k":[0,0,0],"ix":1},"s":{"a":0,"k":[100,100,100],"ix":6}},"ao":0,"ip":0,"op":125,"st":0,"bm":0},{"ddd":0,"ind":4,"ty":4,"nm":"Shape Layer 5","parent":3,"sr":1,"ks":{"o":{"a":0,"k":100,"ix":11},"r":{"a":0,"k":195,"ix":10},"p":{"a":0,"k":[-30,-24.1,0],"ix":2},"a":{"a":0,"k":[0,0,0],"ix":1},"s":{"a":0,"k":[100,100,100],"ix":6}},"ao":0,"shapes":[{"ty":"gr","it":[{"ty":"rc","d":1,"s":{"a":1,"k":[{"i":{"x":[0.667,0.667],"y":[1,1]},"o":{"x":[0.167,0.167],"y":[0,0.167]},"t":153,"s":[3,0]},{"i":{"x":[0.833,0.833],"y":[1,0.833]},"o":{"x":[0.333,0.333],"y":[0,0]},"t":161,"s":[3,34]},{"t":170,"s":[3,0]}],"ix":2},"p":{"a":1,"k":[{"i":{"x":0.833,"y":0.833},"o":{"x":0.167,"y":0.167},"t":153,"s":[0,0],"to":[0,-22],"ti":[0,22]},{"t":169,"s":[0,-132]}],"ix":3},"r":{"a":0,"k":0,"ix":4},"nm":"Rectangle Path 1","mn":"ADBE Vector Shape - Rect","hd":false},{"ty":"rp","c":{"a":0,"k":5,"ix":1},"o":{"a":0,"k":-405,"ix":2},"m":1,"ix":2,"tr":{"ty":"tr","p":{"a":0,"k":[0,0],"ix":2},"a":{"a":0,"k":[0,0],"ix":1},"s":{"a":0,"k":[100,100],"ix":3},"r":{"a":0,"k":64,"ix":4},"so":{"a":0,"k":100,"ix":5},"eo":{"a":0,"k":68,"ix":6},"nm":"Transform"},"nm":"Repeater 1","mn":"ADBE Vector Filter - Repeater","hd":false},{"ty":"tr","p":{"a":0,"k":[0,0],"ix":2},"a":{"a":0,"k":[0,0],"ix":1},"s":{"a":0,"k":[100,100],"ix":3},"r":{"a":0,"k":0,"ix":6},"o":{"a":0,"k":100,"ix":7},"sk":{"a":0,"k":0,"ix":4},"sa":{"a":0,"k":0,"ix":5},"nm":"Transform"}],"nm":"Group 1","np":2,"cix":2,"bm":0,"ix":1,"mn":"ADBE Vector Group","hd":false},{"ty":"fl","c":{"a":0,"k":[1,1,1,1],"ix":4},"o":{"a":0,"k":100,"ix":5},"r":1,"bm":0,"nm":"Fill 1","mn":"ADBE Vector Graphic - Fill","hd":false}],"ip":153,"op":173,"st":153,"bm":0},{"ddd":0,"ind":5,"ty":4,"nm":"Shape Layer 4","parent":3,"sr":1,"ks":{"o":{"a":0,"k":100,"ix":11},"r":{"a":0,"k":195,"ix":10},"p":{"a":0,"k":[-30,-24.1,0],"ix":2},"a":{"a":0,"k":[0,0,0],"ix":1},"s":{"a":0,"k":[100,100,100],"ix":6}},"ao":0,"shapes":[{"ty":"gr","it":[{"ty":"rc","d":1,"s":{"a":1,"k":[{"i":{"x":[0.667,0.667],"y":[1,1]},"o":{"x":[0.167,0.167],"y":[0,0.167]},"t":74,"s":[3,0]},{"i":{"x":[0.833,0.833],"y":[1,0.833]},"o":{"x":[0.333,0.333],"y":[0,0]},"t":82,"s":[3,103]},{"t":91,"s":[3,0]}],"ix":2},"p":{"a":1,"k":[{"i":{"x":0.833,"y":0.833},"o":{"x":0.167,"y":0.167},"t":74,"s":[0,0],"to":[0,-22],"ti":[0,22]},{"t":90,"s":[0,-132]}],"ix":3},"r":{"a":0,"k":0,"ix":4},"nm":"Rectangle Path 1","mn":"ADBE Vector Shape - Rect","hd":false},{"ty":"rp","c":{"a":0,"k":4,"ix":1},"o":{"a":0,"k":-375,"ix":2},"m":1,"ix":2,"tr":{"ty":"tr","p":{"a":0,"k":[0,0],"ix":2},"a":{"a":0,"k":[0,0],"ix":1},"s":{"a":0,"k":[100,100],"ix":3},"r":{"a":0,"k":64,"ix":4},"so":{"a":0,"k":100,"ix":5},"eo":{"a":0,"k":68,"ix":6},"nm":"Transform"},"nm":"Repeater 1","mn":"ADBE Vector Filter - Repeater","hd":false},{"ty":"tr","p":{"a":0,"k":[0,0],"ix":2},"a":{"a":0,"k":[0,0],"ix":1},"s":{"a":0,"k":[100,100],"ix":3},"r":{"a":0,"k":0,"ix":6},"o":{"a":0,"k":100,"ix":7},"sk":{"a":0,"k":0,"ix":4},"sa":{"a":0,"k":0,"ix":5},"nm":"Transform"}],"nm":"Group 1","np":2,"cix":2,"bm":0,"ix":1,"mn":"ADBE Vector Group","hd":false},{"ty":"fl","c":{"a":0,"k":[1,1,1,1],"ix":4},"o":{"a":0,"k":100,"ix":5},"r":1,"bm":0,"nm":"Fill 1","mn":"ADBE Vector Graphic - Fill","hd":false}],"ip":74,"op":94,"st":74,"bm":0},{"ddd":0,"ind":6,"ty":1,"nm":"Medium Royal Blue Solid 2","parent":3,"sr":1,"ks":{"o":{"a":0,"k":100,"ix":11},"r":{"a":0,"k":0,"ix":10},"p":{"a":1,"k":[{"i":{"x":0.833,"y":0.88},"o":{"x":0.167,"y":0.167},"t":153,"s":[-30.75,-28,0],"to":[-1.042,-3.167,0],"ti":[2.408,-4.315,0]},{"i":{"x":0.833,"y":0.833},"o":{"x":0.167,"y":0.189},"t":158,"s":[-41,-27.25,0],"to":[-1,1.792,0],"ti":[-0.833,-3.375,0]},{"t":174,"s":[-41.75,-2.25,0]}],"ix":2},"a":{"a":0,"k":[129,922,0],"ix":1},"s":{"a":1,"k":[{"i":{"x":[0.833,0.833,0.833],"y":[0.833,0.833,0.833]},"o":{"x":[0.167,0.167,0.167],"y":[0.167,0.167,0.167]},"t":153,"s":[78.5,78.5,100]},{"t":174,"s":[0,0,100]}],"ix":6}},"ao":0,"hasMask":true,"masksProperties":[{"inv":false,"mode":"a","pt":{"a":0,"k":{"i":[[7.732,0],[0,-7.732],[-7.732,0],[0,7.732]],"o":[[-7.732,0],[0,7.732],[7.732,0],[0,-7.732]],"v":[[129,908],[115,922],[129,936],[143,922]],"c":true},"ix":1},"o":{"a":0,"k":100,"ix":3},"x":{"a":0,"k":0,"ix":4},"nm":"Mask 1"}],"sw":1920,"sh":1080,"sc":"#4491df","ip":153,"op":180,"st":153,"bm":0},{"ddd":0,"ind":7,"ty":1,"nm":"Medium Royal Blue Solid 2","parent":3,"sr":1,"ks":{"o":{"a":0,"k":100,"ix":11},"r":{"a":0,"k":0,"ix":10},"p":{"a":1,"k":[{"i":{"x":0.667,"y":1},"o":{"x":0.167,"y":0.167},"t":153,"s":[-30.75,-28,0],"to":[2.708,-24.417,0],"ti":[-10.833,-17.875,0]},{"t":172,"s":[2.25,-32.75,0]}],"ix":2},"a":{"a":0,"k":[129,922,0],"ix":1},"s":{"a":1,"k":[{"i":{"x":[0.667,0.667,0.667],"y":[1,1,1]},"o":{"x":[0.333,0.333,0.333],"y":[0,0,0]},"t":153,"s":[68.6,68.6,100]},{"t":172,"s":[0,0,100]}],"ix":6}},"ao":0,"hasMask":true,"masksProperties":[{"inv":false,"mode":"a","pt":{"a":0,"k":{"i":[[7.732,0],[0,-7.732],[-7.732,0],[0,7.732]],"o":[[-7.732,0],[0,7.732],[7.732,0],[0,-7.732]],"v":[[129,908],[115,922],[129,936],[143,922]],"c":true},"ix":1},"o":{"a":0,"k":100,"ix":3},"x":{"a":0,"k":0,"ix":4},"nm":"Mask 1"}],"sw":1920,"sh":1080,"sc":"#4491df","ip":153,"op":180,"st":153,"bm":0},{"ddd":0,"ind":8,"ty":1,"nm":"Medium Royal Blue Solid 2","parent":3,"sr":1,"ks":{"o":{"a":0,"k":100,"ix":11},"r":{"a":0,"k":0,"ix":10},"p":{"a":1,"k":[{"i":{"x":0.833,"y":0.797},"o":{"x":0.167,"y":0.167},"t":153,"s":[-30.75,-23,0],"to":[0.958,-5.667,0],"ti":[-4.939,-0.165,0]},{"i":{"x":0.833,"y":0.833},"o":{"x":0.167,"y":0.154},"t":160,"s":[-18,-36.5,0],"to":[8.75,0.292,0],"ti":[-2.083,-21.875,0]},{"t":175,"s":[-3.75,15.25,0]}],"ix":2},"a":{"a":0,"k":[129,922,0],"ix":1},"s":{"a":1,"k":[{"i":{"x":[0.833,0.833,0.833],"y":[0.833,0.833,0.259]},"o":{"x":[0.333,0.333,0.333],"y":[0,0,0]},"t":153,"s":[107.5,107.5,100]},{"t":175,"s":[0,0,100]}],"ix":6}},"ao":0,"hasMask":true,"masksProperties":[{"inv":false,"mode":"a","pt":{"a":0,"k":{"i":[[7.732,0],[0,-7.732],[-7.732,0],[0,7.732]],"o":[[-7.732,0],[0,7.732],[7.732,0],[0,-7.732]],"v":[[129,908],[115,922],[129,936],[143,922]],"c":true},"ix":1},"o":{"a":0,"k":100,"ix":3},"x":{"a":0,"k":0,"ix":4},"nm":"Mask 1"}],"sw":1920,"sh":1080,"sc":"#4491df","ip":153,"op":180,"st":153,"bm":0},{"ddd":0,"ind":9,"ty":1,"nm":"Medium Royal Blue Solid 2","parent":3,"sr":1,"ks":{"o":{"a":0,"k":100,"ix":11},"r":{"a":0,"k":0,"ix":10},"p":{"a":1,"k":[{"i":{"x":0.833,"y":0.884},"o":{"x":0.167,"y":0.167},"t":153,"s":[-30.75,-23,0],"to":[-2.917,-3.333,0],"ti":[6.333,-2.042,0]},{"i":{"x":0.833,"y":0.833},"o":{"x":0.167,"y":0.202},"t":159,"s":[-48.25,-43,0],"to":[-6.333,2.042,0],"ti":[5.417,-23.875,0]},{"t":174,"s":[-68.75,-10.75,0]}],"ix":2},"a":{"a":0,"k":[129,922,0],"ix":1},"s":{"a":1,"k":[{"i":{"x":[0.833,0.833,0.833],"y":[0.833,0.833,1.346]},"o":{"x":[0.333,0.333,0.333],"y":[0,0,0]},"t":153,"s":[147.5,147.5,100]},{"t":174,"s":[0,0,100]}],"ix":6}},"ao":0,"hasMask":true,"masksProperties":[{"inv":false,"mode":"a","pt":{"a":0,"k":{"i":[[7.732,0],[0,-7.732],[-7.732,0],[0,7.732]],"o":[[-7.732,0],[0,7.732],[7.732,0],[0,-7.732]],"v":[[129,908],[115,922],[129,936],[143,922]],"c":true},"ix":1},"o":{"a":0,"k":100,"ix":3},"x":{"a":0,"k":0,"ix":4},"nm":"Mask 1"}],"sw":1920,"sh":1080,"sc":"#4491df","ip":153,"op":180,"st":153,"bm":0},{"ddd":0,"ind":11,"ty":3,"nm":"S kirjain 2","parent":3,"sr":1,"ks":{"o":{"a":0,"k":100,"ix":11},"r":{"a":0,"k":0,"ix":10},"p":{"a":0,"k":[-35.7,-23.9,0],"ix":2},"a":{"a":0,"k":[16.821,-20.377,0],"ix":1},"s":{"a":1,"k":[{"i":{"x":[0.667,0.667,0.667],"y":[1,1,1]},"o":{"x":[0.167,0.167,0.167],"y":[0.167,0.167,0]},"t":68,"s":[499.074,499.074,100]},{"t":91,"s":[251.074,251.074,100]}],"ix":6}},"ao":0,"ip":66,"op":160,"st":66,"bm":0},{"ddd":0,"ind":13,"ty":3,"nm":"BellSway","parent":11,"sr":1,"ks":{"o":{"a":0,"k":0,"ix":11},"r":{"a":1,"k":[{"i":{"x":[0.5],"y":[1]},"o":{"x":[0.5],"y":[0]},"t":68,"s":[167]},{"i":{"x":[0.5],"y":[1]},"o":{"x":[0.5],"y":[0]},"t":79.667,"s":[-30]},{"i":{"x":[0.5],"y":[1]},"o":{"x":[0.5],"y":[0]},"t":91,"s":[35.936]},{"i":{"x":[0.5],"y":[1]},"o":{"x":[0.5],"y":[0]},"t":103,"s":[-15.356]},{"i":{"x":[0.5],"y":[1]},"o":{"x":[0.5],"y":[0]},"t":114.667,"s":[10.56]},{"i":{"x":[0.686],"y":[1]},"o":{"x":[0.5],"y":[0]},"t":126.333,"s":[-8.254]},{"i":{"x":[0.698],"y":[1]},"o":{"x":[0.322],"y":[0]},"t":138,"s":[5.224]},{"i":{"x":[0.833],"y":[1]},"o":{"x":[0.332],"y":[0]},"t":150,"s":[-2.861]},{"i":{"x":[0.833],"y":[1]},"o":{"x":[0.167],"y":[0]},"t":161.333,"s":[-0.386]},{"t":173,"s":[0]}],"ix":10},"p":{"a":0,"k":[17.73,-31.878,0],"ix":2},"a":{"a":0,"k":[0,0,0],"ix":1},"s":{"a":0,"k":[39.829,39.829,100],"ix":6}},"ao":0,"ip":0,"op":174,"st":0,"bm":0},{"ddd":0,"ind":14,"ty":4,"nm":"PalloMaski5","parent":3,"td":1,"sr":1,"ks":{"o":{"a":0,"k":100,"ix":11},"r":{"a":0,"k":0,"ix":10},"p":{"a":0,"k":[-31,-23.9,0],"ix":2},"a":{"a":0,"k":[16.821,-20.377,0],"ix":1},"s":{"a":0,"k":[208.074,208.074,100],"ix":6}},"ao":0,"shapes":[{"ty":"gr","it":[{"d":1,"ty":"el","s":{"a":1,"k":[{"i":{"x":[0.667,0.667],"y":[1,1]},"o":{"x":[0.167,0.167],"y":[0.167,0.167]},"t":68,"s":[0,0]},{"i":{"x":[0.833,0.833],"y":[1,1]},"o":{"x":[0.333,0.333],"y":[0,0]},"t":79,"s":[124.2,124.2]},{"i":{"x":[0.833,0.833],"y":[1,1]},"o":{"x":[0.167,0.167],"y":[0,0]},"t":91,"s":[58,58]},{"i":{"x":[0.833,0.833],"y":[1,1]},"o":{"x":[0.167,0.167],"y":[0,0]},"t":151,"s":[58,58]},{"t":159,"s":[7,7]}],"ix":2},"p":{"a":0,"k":[17,-20.1],"ix":3},"nm":"Ellipse Path 1","mn":"ADBE Vector Shape - Ellipse","hd":false},{"ty":"tr","p":{"a":0,"k":[0,0],"ix":2},"a":{"a":0,"k":[0,0],"ix":1},"s":{"a":0,"k":[100,100],"ix":3},"r":{"a":0,"k":0,"ix":6},"o":{"a":0,"k":100,"ix":7},"sk":{"a":0,"k":0,"ix":4},"sa":{"a":0,"k":0,"ix":5},"nm":"Transform"}],"nm":"Group 2 ELIPSE","np":1,"cix":2,"bm":0,"ix":1,"mn":"ADBE Vector Group","hd":false},{"ty":"fl","c":{"a":0,"k":[1,0,0,1],"ix":4},"o":{"a":0,"k":100,"ix":5},"r":1,"bm":0,"nm":"Fill 1","mn":"ADBE Vector Graphic - Fill","hd":false}],"ip":66,"op":160,"st":66,"bm":0},{"ddd":0,"ind":15,"ty":1,"nm":"Bell","parent":13,"tt":1,"sr":1,"ks":{"o":{"a":0,"k":100,"ix":11},"r":{"a":0,"k":0,"ix":10},"p":{"a":0,"k":[1.017,26.449,0],"ix":2},"a":{"a":0,"k":[960,540,0],"ix":1},"s":{"a":1,"k":[{"i":{"x":[0.667,0.667,0.667],"y":[1,1,1]},"o":{"x":[0.167,0.167,0.167],"y":[0.167,0.167,0]},"t":69,"s":[2.765,2.765,100]},{"i":{"x":[0.833,0.833,0.833],"y":[0.833,0.833,1]},"o":{"x":[0.333,0.333,0.333],"y":[0,0,0]},"t":79,"s":[9.722,9.722,100]},{"t":93,"s":[6.631,6.631,100]}],"ix":6}},"ao":0,"hasMask":true,"masksProperties":[{"inv":false,"mode":"f","pt":{"a":0,"k":{"i":[[210.79,0],[-16.632,17.604],[-34.002,53.945],[-50.108,107.89],[0,15.366],[0,57.102],[-100.216,0],[0,-44.794],[0,-33.965],[-50.108,-107.89],[-34.002,-53.945],[-27.797,-29.423],[19.023,0]],"o":[[-19.023,0],[27.797,-29.423],[34.002,-53.945],[50.108,-107.89],[0,-33.965],[0,-44.794],[100.216,0],[0,57.102],[0,15.366],[50.108,107.89],[34.002,53.945],[16.632,17.604],[-210.79,0]],"v":[[532.294,1021.09],[551.979,910.046],[668.301,776.182],[713.04,377.744],[906.313,252.714],[859.784,152.815],[960,58.91],[1060.216,152.815],[1013.687,252.714],[1206.96,377.744],[1251.699,776.182],[1368.021,910.046],[1387.706,1021.09]],"c":true},"ix":1},"o":{"a":0,"k":100,"ix":3},"x":{"a":0,"k":0,"ix":4},"nm":"Mask 1"}],"ef":[{"ty":21,"nm":"Fill","np":9,"mn":"ADBE Fill","ix":1,"en":1,"ef":[{"ty":10,"nm":"Fill Mask","mn":"ADBE Fill-0001","ix":1,"v":{"a":0,"k":0,"ix":1}},{"ty":7,"nm":"All Masks","mn":"ADBE Fill-0007","ix":2,"v":{"a":0,"k":0,"ix":2}},{"ty":2,"nm":"Color","mn":"ADBE Fill-0002","ix":3,"v":{"a":0,"k":[1,1,1,1],"ix":3}},{"ty":7,"nm":"Invert","mn":"ADBE Fill-0006","ix":4,"v":{"a":0,"k":0,"ix":4}},{"ty":0,"nm":"Horizontal Feather","mn":"ADBE Fill-0003","ix":5,"v":{"a":0,"k":0,"ix":5}},{"ty":0,"nm":"Vertical Feather","mn":"ADBE Fill-0004","ix":6,"v":{"a":0,"k":0,"ix":6}},{"ty":0,"nm":"Opacity","mn":"ADBE Fill-0005","ix":7,"v":{"a":0,"k":1,"ix":7}}]}],"sy":[{"c":{"a":0,"k":[0,0,0,1],"ix":2},"s":{"a":0,"k":5.1,"ix":3},"ty":0,"nm":"Stroke"}],"sw":1920,"sh":1080,"sc":"#4491df","ip":66,"op":191,"st":66,"bm":0},{"ddd":0,"ind":16,"ty":1,"nm":"SUBS matte","parent":3,"td":1,"sr":1,"ks":{"o":{"a":0,"k":100,"ix":11},"r":{"a":0,"k":0,"ix":10},"p":{"a":0,"k":[-376.7,0,0],"ix":2},"a":{"a":0,"k":[960,540,0],"ix":1},"s":{"a":0,"k":[100,100,100],"ix":6}},"ao":0,"hasMask":true,"masksProperties":[{"inv":false,"mode":"a","pt":{"a":1,"k":[{"i":{"x":0.833,"y":0.833},"o":{"x":0.333,"y":0},"t":145,"s":[{"i":[[0,0],[0,0],[0,0],[0,0]],"o":[[0,0],[0,0],[0,0],[0,0]],"v":[[1370,468],[867.5,468],[867.5,566.5],[1370,566.5]],"c":true}]},{"t":158,"s":[{"i":[[0,0],[0,0],[0,0],[0,0]],"o":[[0,0],[0,0],[0,0],[0,0]],"v":[[1355.5,468],[1255.5,468],[1255.5,566.5],[1355.5,566.5]],"c":true}]}],"ix":1},"o":{"a":0,"k":100,"ix":3},"x":{"a":0,"k":0,"ix":4},"nm":"Mask 1"}],"sw":1920,"sh":1080,"sc":"#4491df","ip":75,"op":250,"st":75,"bm":0},{"ddd":0,"ind":17,"ty":4,"nm":"SUBSCRIBE Outlines","parent":3,"tt":1,"sr":1,"ks":{"o":{"a":0,"k":100,"ix":11},"r":{"a":0,"k":0,"ix":10},"p":{"a":0,"k":[-445.1,-3,0],"ix":2},"a":{"a":0,"k":[0,0,0],"ix":1},"s":{"a":0,"k":[100,100,100],"ix":6}},"ao":0,"shapes":[{"ty":"gr","it":[{"ty":"tr","p":{"a":0,"k":[0,0],"ix":2},"a":{"a":0,"k":[0,0],"ix":1},"s":{"a":0,"k":[100,100],"ix":3},"r":{"a":0,"k":0,"ix":6},"o":{"a":0,"k":100,"ix":7},"sk":{"a":0,"k":0,"ix":4},"sa":{"a":0,"k":0,"ix":5},"nm":"Transform"}],"nm":"Group 2","np":0,"cix":2,"bm":0,"ix":1,"mn":"ADBE Vector Group","hd":false},{"ty":"gr","it":[{"ty":"gr","it":[{"ind":0,"ty":"sh","ix":1,"ks":{"a":0,"k":{"i":[[0,0],[2.465,0.92],[2.935,0],[1.839,-0.567],[1.389,-1.095],[0.782,-1.644],[0,-2.113],[-0.49,-1.174],[-0.979,-0.86],[-1.467,-0.646],[-1.996,-0.548],[-1.331,-0.391],[-0.939,-0.47],[-0.509,-0.626],[0,-0.939],[4.461,0],[1.526,0.392],[1.252,0.568],[0.919,0.568],[0.352,0.352],[0,0],[-3.052,-0.939],[-3.131,0],[-1.878,0.449],[-1.409,0.979],[-0.842,1.585],[0,2.231],[0.626,1.312],[1.154,0.939],[1.663,0.626],[2.034,0.548],[1.193,0.352],[0.782,0.431],[0.411,0.568],[0,0.861],[-1.096,0.822],[-2.231,0],[-1.213,-0.313],[-1.037,-0.449],[-0.725,-0.47],[-0.274,-0.273]],"o":[[-1.84,-1.252],[-2.465,-0.919],[-2.113,0],[-1.84,0.568],[-1.39,1.096],[-0.783,1.644],[0,1.605],[0.489,1.174],[0.978,0.861],[1.467,0.646],[1.644,0.431],[1.33,0.392],[0.939,0.47],[0.508,0.626],[0,2.857],[-1.605,0],[-1.526,-0.391],[-1.253,-0.567],[-0.92,-0.567],[0,0],[2.426,1.722],[3.052,0.939],[2.034,0],[1.878,-0.449],[1.409,-0.978],[0.841,-1.585],[0,-1.917],[-0.626,-1.311],[-1.155,-0.939],[-1.664,-0.626],[-1.566,-0.391],[-1.194,-0.352],[-0.783,-0.43],[-0.411,-0.567],[0,-1.487],[1.095,-0.822],[1.252,0],[1.213,0.314],[1.036,0.45],[0.724,0.47],[0,0]],"v":[[32.813,-37.333],[26.356,-40.591],[18.256,-41.971],[12.327,-41.119],[7.484,-38.625],[4.226,-34.516],[3.052,-28.88],[3.786,-24.713],[5.987,-21.66],[9.656,-19.4],[14.851,-17.61],[19.312,-16.377],[22.717,-15.086],[24.889,-13.442],[25.652,-11.094],[18.96,-6.809],[14.264,-7.396],[10.096,-8.834],[6.839,-10.537],[4.931,-11.916],[1.35,-4.931],[9.568,-0.939],[18.843,0.47],[24.713,-0.205],[29.643,-2.348],[33.019,-6.193],[34.281,-11.916],[33.342,-16.759],[30.671,-20.134],[26.444,-22.482],[20.897,-24.243],[16.759,-25.358],[13.794,-26.532],[12.004,-28.029],[11.388,-30.172],[13.031,-33.635],[18.021,-34.868],[21.719,-34.398],[25.094,-33.254],[27.736,-31.874],[29.233,-30.759]],"c":true},"ix":2},"nm":"S","mn":"ADBE Vector Shape - Group","hd":false},{"ty":"fl","c":{"a":0,"k":[1,1,1,1],"ix":4},"o":{"a":0,"k":100,"ix":5},"r":1,"bm":0,"nm":"Fill 1","mn":"ADBE Vector Graphic - Fill","hd":false},{"ty":"tr","p":{"a":1,"k":[{"i":{"x":0,"y":1},"o":{"x":0.167,"y":0.296},"t":75,"s":[400,0],"to":[-66.667,0],"ti":[66.667,0]},{"t":89,"s":[0,0]}],"ix":2},"a":{"a":0,"k":[0,0],"ix":1},"s":{"a":0,"k":[100,100],"ix":3},"r":{"a":0,"k":0,"ix":6},"o":{"a":0,"k":100,"ix":7},"sk":{"a":0,"k":0,"ix":4},"sa":{"a":0,"k":0,"ix":5},"nm":"Transform"}],"nm":"S","np":3,"cix":2,"bm":0,"ix":1,"mn":"ADBE Vector Group","hd":false},{"ty":"gr","it":[{"ind":0,"ty":"sh","ix":1,"ks":{"a":0,"k":{"i":[[1.291,0.763],[0.802,1.253],[0.332,1.624],[0,1.761],[0,0],[0,0],[0,0],[-0.646,-2.504],[-1.448,-1.898],[-2.329,-1.154],[-3.327,0],[-2.309,1.096],[-1.467,1.878],[-0.685,2.505],[0,2.857],[0,0],[0,0],[0,0],[0.332,-1.623],[0.802,-1.252],[1.311,-0.782],[1.917,0]],"o":[[-1.291,-0.763],[-0.803,-1.252],[-0.333,-1.623],[0,0],[0,0],[0,0],[0,2.7],[0.646,2.505],[1.447,1.899],[2.328,1.155],[3.208,0],[2.309,-1.095],[1.467,-1.878],[0.684,-2.504],[0,0],[0,0],[0,0],[0,1.722],[-0.333,1.624],[-0.803,1.253],[-1.312,0.783],[-1.878,0]],"v":[[54.59,-8.013],[51.45,-11.036],[49.748,-15.35],[49.249,-20.428],[49.249,-41.677],[41.148,-41.677],[41.148,-20.428],[42.117,-12.62],[45.257,-6.017],[50.922,-1.438],[59.404,0.294],[67.681,-1.35],[73.345,-5.811],[76.574,-12.386],[77.601,-20.428],[77.601,-41.677],[69.559,-41.677],[69.559,-20.428],[69.06,-15.409],[67.358,-11.094],[64.188,-8.042],[59.345,-6.868]],"c":true},"ix":2},"nm":"U","mn":"ADBE Vector Shape - Group","hd":false},{"ty":"fl","c":{"a":0,"k":[1,1,1,1],"ix":4},"o":{"a":0,"k":100,"ix":5},"r":1,"bm":0,"nm":"Fill 1","mn":"ADBE Vector Graphic - Fill","hd":false},{"ty":"tr","p":{"a":1,"k":[{"i":{"x":0,"y":1},"o":{"x":0.167,"y":0.296},"t":76,"s":[356,0],"to":[-59.333,0],"ti":[59.333,0]},{"t":90.076171875,"s":[0,0]}],"ix":2},"a":{"a":0,"k":[0,0],"ix":1},"s":{"a":0,"k":[100,100],"ix":3},"r":{"a":0,"k":0,"ix":6},"o":{"a":0,"k":100,"ix":7},"sk":{"a":0,"k":0,"ix":4},"sa":{"a":0,"k":0,"ix":5},"nm":"Transform"}],"nm":"U","np":3,"cix":2,"bm":0,"ix":2,"mn":"ADBE Vector Group","hd":false},{"ty":"gr","it":[{"ind":0,"ty":"sh","ix":1,"ks":{"a":0,"k":{"i":[[1.389,1.82],[2.387,0.704],[-1.018,1.781],[0,2.035],[0.449,1.272],[0.822,0.998],[1.174,0.626],[1.447,0],[0,0],[0,0],[0,0],[-1.624,0.47],[-1.233,0.901],[-0.704,1.331],[0,1.761]],"o":[[-1.39,-1.82],[1.956,-0.86],[1.017,-1.78],[0,-1.291],[-0.45,-1.271],[-0.822,-0.998],[-1.174,-0.626],[0,0],[0,0],[0,0],[1.839,0],[1.623,-0.47],[1.233,-0.9],[0.704,-1.33],[0,-2.739]],"v":[[119.001,-17.581],[113.337,-21.367],[117.798,-25.329],[119.324,-31.052],[118.649,-34.897],[116.741,-38.302],[113.747,-40.738],[109.815,-41.677],[87.509,-41.677],[87.509,0],[107.643,0],[112.838,-0.704],[117.123,-2.759],[120.028,-6.105],[121.085,-10.742]],"c":true},"ix":2},"nm":"B","mn":"ADBE Vector Shape - Group","hd":false},{"ind":1,"ty":"sh","ix":2,"ks":{"a":0,"k":{"i":[[0.273,-0.665],[0.47,-0.489],[0.646,-0.273],[0.743,0],[0,0],[0,0],[0,0],[-0.587,-0.294],[-0.431,-0.508],[-0.255,-0.684],[0,-0.743]],"o":[[-0.274,0.666],[-0.47,0.49],[-0.646,0.274],[0,0],[0,0],[0,0],[0.704,0],[0.587,0.294],[0.43,0.509],[0.254,0.685],[0,0.744]],"v":[[112.515,-10.155],[111.399,-8.423],[109.727,-7.279],[107.643,-6.868],[95.609,-6.868],[95.609,-17.845],[108.054,-17.845],[109.991,-17.405],[111.517,-16.201],[112.544,-14.411],[112.926,-12.268]],"c":true},"ix":2},"nm":"B","mn":"ADBE Vector Shape - Group","hd":false},{"ind":2,"ty":"sh","ix":3,"ks":{"a":0,"k":{"i":[[0,0],[-0.88,-0.939],[0,-1.604],[0.958,-0.939],[1.369,0],[0,0],[0,0]],"o":[[1.291,0],[0.88,0.939],[0,1.644],[-0.959,0.939],[0,0],[0,0],[0,0]],"v":[[106.762,-34.75],[110.02,-33.342],[111.341,-29.526],[109.903,-25.652],[106.41,-24.243],[95.609,-24.243],[95.609,-34.75]],"c":true},"ix":2},"nm":"B","mn":"ADBE Vector Shape - Group","hd":false},{"ty":"mm","mm":1,"nm":"Merge Paths 1","mn":"ADBE Vector Filter - Merge","hd":false},{"ty":"fl","c":{"a":0,"k":[1,1,1,1],"ix":4},"o":{"a":0,"k":100,"ix":5},"r":1,"bm":0,"nm":"Fill 1","mn":"ADBE Vector Graphic - Fill","hd":false},{"ty":"tr","p":{"a":1,"k":[{"i":{"x":0,"y":1},"o":{"x":0.167,"y":0.296},"t":77,"s":[323,0],"to":[-53.833,0],"ti":[53.833,0]},{"t":91.154296875,"s":[0,0]}],"ix":2},"a":{"a":0,"k":[0,0],"ix":1},"s":{"a":0,"k":[100,100],"ix":3},"r":{"a":0,"k":0,"ix":6},"o":{"a":0,"k":100,"ix":7},"sk":{"a":0,"k":0,"ix":4},"sa":{"a":0,"k":0,"ix":5},"nm":"Transform"}],"nm":"B","np":6,"cix":2,"bm":0,"ix":3,"mn":"ADBE Vector Group","hd":false},{"ty":"gr","it":[{"ind":0,"ty":"sh","ix":1,"ks":{"a":0,"k":{"i":[[0,0],[2.465,0.92],[2.935,0],[1.839,-0.567],[1.389,-1.095],[0.782,-1.644],[0,-2.113],[-0.49,-1.174],[-0.979,-0.86],[-1.468,-0.646],[-1.996,-0.548],[-1.331,-0.391],[-0.939,-0.47],[-0.509,-0.626],[0,-0.939],[4.461,0],[1.526,0.392],[1.252,0.568],[0.919,0.568],[0.352,0.352],[0,0],[-3.052,-0.939],[-3.131,0],[-1.878,0.449],[-1.409,0.979],[-0.842,1.585],[0,2.231],[0.626,1.312],[1.154,0.939],[1.663,0.626],[2.034,0.548],[1.193,0.352],[0.782,0.431],[0.411,0.568],[0,0.861],[-1.096,0.822],[-2.231,0],[-1.213,-0.313],[-1.037,-0.449],[-0.725,-0.47],[-0.274,-0.273]],"o":[[-1.84,-1.252],[-2.465,-0.919],[-2.113,0],[-1.84,0.568],[-1.39,1.096],[-0.783,1.644],[0,1.605],[0.489,1.174],[0.978,0.861],[1.467,0.646],[1.644,0.431],[1.33,0.392],[0.939,0.47],[0.508,0.626],[0,2.857],[-1.605,0],[-1.526,-0.391],[-1.253,-0.567],[-0.92,-0.567],[0,0],[2.426,1.722],[3.052,0.939],[2.034,0],[1.878,-0.449],[1.409,-0.978],[0.841,-1.585],[0,-1.917],[-0.626,-1.311],[-1.155,-0.939],[-1.664,-0.626],[-1.566,-0.391],[-1.194,-0.352],[-0.783,-0.43],[-0.411,-0.567],[0,-1.487],[1.095,-0.822],[1.252,0],[1.213,0.314],[1.036,0.45],[0.724,0.47],[0,0]],"v":[[157.672,-37.333],[151.215,-40.591],[143.115,-41.971],[137.186,-41.119],[132.343,-38.625],[129.085,-34.516],[127.911,-28.88],[128.645,-24.713],[130.846,-21.66],[134.515,-19.4],[139.71,-17.61],[144.171,-16.377],[147.576,-15.086],[149.748,-13.442],[150.511,-11.094],[143.819,-6.809],[139.123,-7.396],[134.955,-8.834],[131.697,-10.537],[129.79,-11.916],[126.209,-4.931],[134.427,-0.939],[143.702,0.47],[149.572,-0.205],[154.502,-2.348],[157.878,-6.193],[159.14,-11.916],[158.201,-16.759],[155.53,-20.134],[151.303,-22.482],[145.756,-24.243],[141.618,-25.358],[138.653,-26.532],[136.863,-28.029],[136.247,-30.172],[137.89,-33.635],[142.88,-34.868],[146.578,-34.398],[149.953,-33.254],[152.595,-31.874],[154.091,-30.759]],"c":true},"ix":2},"nm":"S","mn":"ADBE Vector Shape - Group","hd":false},{"ty":"fl","c":{"a":0,"k":[1,1,1,1],"ix":4},"o":{"a":0,"k":100,"ix":5},"r":1,"bm":0,"nm":"Fill 1","mn":"ADBE Vector Graphic - Fill","hd":false},{"ty":"tr","p":{"a":1,"k":[{"i":{"x":0,"y":1},"o":{"x":0.167,"y":0.296},"t":78,"s":[284,0],"to":[-47.333,0],"ti":[47.333,0]},{"t":92.23046875,"s":[0,0]}],"ix":2},"a":{"a":0,"k":[0,0],"ix":1},"s":{"a":0,"k":[100,100],"ix":3},"r":{"a":0,"k":0,"ix":6},"o":{"a":0,"k":100,"ix":7},"sk":{"a":0,"k":0,"ix":4},"sa":{"a":0,"k":0,"ix":5},"nm":"Transform"}],"nm":"S 2","np":3,"cix":2,"bm":0,"ix":4,"mn":"ADBE Vector Group","hd":false},{"ty":"gr","it":[{"ind":0,"ty":"sh","ix":1,"ks":{"a":0,"k":{"i":[[-0.959,-2.563],[-1.742,-2.015],[-2.407,-1.252],[-2.896,0],[-1.683,0.43],[-1.526,0.822],[-1.194,1.194],[-0.626,1.566],[0,0],[0.743,-0.802],[0.881,-0.508],[0.939,-0.235],[0.9,0],[1.447,0.783],[1.036,1.291],[0.567,1.702],[0,1.84],[-0.49,1.664],[-0.959,1.312],[-1.448,0.822],[-1.918,0],[-0.939,-0.215],[-0.881,-0.47],[-0.744,-0.802],[-0.47,-1.174],[0,0],[2.719,1.683],[3.717,0],[2.465,-1.213],[1.702,-1.956],[0.9,-2.485],[0,-2.543]],"o":[[0.958,2.564],[1.741,2.016],[2.407,1.253],[1.644,0],[1.682,-0.43],[1.526,-0.822],[1.193,-1.193],[0,0],[-0.47,1.135],[-0.744,0.803],[-0.88,0.509],[-0.939,0.235],[-1.722,0],[-1.448,-0.782],[-1.037,-1.291],[-0.568,-1.702],[0,-1.644],[0.489,-1.663],[0.958,-1.311],[1.447,-0.822],[0.86,0],[0.939,0.216],[0.88,0.47],[0.743,0.803],[0,0],[-1.291,-2.7],[-2.72,-1.682],[-3.17,0],[-2.465,1.213],[-1.702,1.957],[-0.901,2.486],[0,2.662]],"v":[[165.608,-13.296],[169.658,-6.428],[175.88,-1.526],[183.834,0.352],[188.824,-0.294],[193.637,-2.172],[197.717,-5.195],[200.446,-9.333],[193.813,-13.149],[191.994,-10.243],[189.557,-8.277],[186.828,-7.161],[184.069,-6.809],[179.314,-7.983],[175.587,-11.094],[173.18,-15.585],[172.329,-20.897],[173.063,-25.857],[175.235,-30.319],[178.845,-33.518],[183.893,-34.75],[186.593,-34.428],[189.323,-33.4],[191.759,-31.493],[193.578,-28.528],[199.801,-32.813],[193.784,-39.388],[184.128,-41.912],[175.675,-40.092],[169.423,-35.337],[165.52,-28.675],[164.17,-21.132]],"c":true},"ix":2},"nm":"C","mn":"ADBE Vector Shape - Group","hd":false},{"ty":"fl","c":{"a":0,"k":[1,1,1,1],"ix":4},"o":{"a":0,"k":100,"ix":5},"r":1,"bm":0,"nm":"Fill 1","mn":"ADBE Vector Graphic - Fill","hd":false},{"ty":"tr","p":{"a":1,"k":[{"i":{"x":0,"y":1},"o":{"x":0.167,"y":0.296},"t":79,"s":[243,0],"to":[-40.5,0],"ti":[40.5,0]},{"t":93.3076171875,"s":[0,0]}],"ix":2},"a":{"a":0,"k":[0,0],"ix":1},"s":{"a":0,"k":[100,100],"ix":3},"r":{"a":0,"k":0,"ix":6},"o":{"a":0,"k":100,"ix":7},"sk":{"a":0,"k":0,"ix":4},"sa":{"a":0,"k":0,"ix":5},"nm":"Transform"}],"nm":"C","np":3,"cix":2,"bm":0,"ix":5,"mn":"ADBE Vector Group","hd":false},{"ty":"gr","it":[{"ind":0,"ty":"sh","ix":1,"ks":{"a":0,"k":{"i":[[0,0],[0,0],[0,0],[0,0],[0,0],[0,0],[-1.35,2.211],[0,2.7],[0.665,1.664],[1.174,1.312],[1.623,0.803],[1.917,0],[0,0],[0,0]],"o":[[0,0],[0,0],[0,0],[0,0],[0,0],[2.309,-0.978],[1.35,-2.21],[0,-1.682],[-0.666,-1.663],[-1.174,-1.311],[-1.624,-0.802],[0,0],[0,0],[0,0]],"v":[[215.415,0],[215.415,-13.971],[223.398,-13.971],[232.144,0],[241.301,0],[231.498,-15.673],[236.987,-20.457],[239.012,-27.824],[238.014,-32.843],[235.255,-37.304],[231.058,-40.474],[225.746,-41.677],[207.314,-41.677],[207.314,0]],"c":true},"ix":2},"nm":"R","mn":"ADBE Vector Shape - Group","hd":false},{"ind":1,"ty":"sh","ix":2,"ks":{"a":0,"k":{"i":[[0,0],[0,0],[-0.685,-0.332],[-0.528,-0.606],[-0.314,-0.822],[0,-0.978],[0.273,-0.822],[0.47,-0.606],[0.646,-0.352],[0.743,0],[0,0]],"o":[[0,0],[0.704,0],[0.684,0.333],[0.528,0.607],[0.313,0.822],[0,0.939],[-0.274,0.822],[-0.47,0.607],[-0.646,0.352],[0,0],[0,0]],"v":[[215.415,-34.574],[225.218,-34.574],[227.301,-34.075],[229.121,-32.667],[230.383,-30.524],[230.853,-27.824],[230.442,-25.182],[229.327,-23.04],[227.654,-21.602],[225.57,-21.073],[215.415,-21.073]],"c":true},"ix":2},"nm":"R","mn":"ADBE Vector Shape - Group","hd":false},{"ty":"mm","mm":1,"nm":"Merge Paths 1","mn":"ADBE Vector Filter - Merge","hd":false},{"ty":"fl","c":{"a":0,"k":[1,1,1,1],"ix":4},"o":{"a":0,"k":100,"ix":5},"r":1,"bm":0,"nm":"Fill 1","mn":"ADBE Vector Graphic - Fill","hd":false},{"ty":"tr","p":{"a":1,"k":[{"i":{"x":0,"y":1},"o":{"x":0.167,"y":0.296},"t":79,"s":[205,0],"to":[-34.167,0],"ti":[34.167,0]},{"t":95.4619140625,"s":[0,0]}],"ix":2},"a":{"a":0,"k":[0,0],"ix":1},"s":{"a":0,"k":[100,100],"ix":3},"r":{"a":0,"k":0,"ix":6},"o":{"a":0,"k":100,"ix":7},"sk":{"a":0,"k":0,"ix":4},"sa":{"a":0,"k":0,"ix":5},"nm":"Transform"}],"nm":"R","np":5,"cix":2,"bm":0,"ix":6,"mn":"ADBE Vector Group","hd":false},{"ty":"gr","it":[{"ind":0,"ty":"sh","ix":1,"ks":{"a":0,"k":{"i":[[0,0],[0,0],[0,0],[0,0]],"o":[[0,0],[0,0],[0,0],[0,0]],"v":[[256.264,0],[256.264,-41.618],[248.163,-41.618],[248.163,0]],"c":true},"ix":2},"nm":"I","mn":"ADBE Vector Shape - Group","hd":false},{"ty":"fl","c":{"a":0,"k":[1,1,1,1],"ix":4},"o":{"a":0,"k":100,"ix":5},"r":1,"bm":0,"nm":"Fill 1","mn":"ADBE Vector Graphic - Fill","hd":false},{"ty":"tr","p":{"a":1,"k":[{"i":{"x":0,"y":1},"o":{"x":0.167,"y":0.296},"t":80,"s":[170,0],"to":[-28.333,0],"ti":[28.333,0]},{"t":97.6162109375,"s":[0,0]}],"ix":2},"a":{"a":0,"k":[0,0],"ix":1},"s":{"a":0,"k":[100,100],"ix":3},"r":{"a":0,"k":0,"ix":6},"o":{"a":0,"k":100,"ix":7},"sk":{"a":0,"k":0,"ix":4},"sa":{"a":0,"k":0,"ix":5},"nm":"Transform"}],"nm":"I","np":3,"cix":2,"bm":0,"ix":7,"mn":"ADBE Vector Group","hd":false},{"ty":"gr","it":[{"ind":0,"ty":"sh","ix":1,"ks":{"a":0,"k":{"i":[[1.389,1.82],[2.387,0.704],[-1.018,1.781],[0,2.035],[0.449,1.272],[0.822,0.998],[1.174,0.626],[1.447,0],[0,0],[0,0],[0,0],[-1.624,0.47],[-1.233,0.901],[-0.704,1.331],[0,1.761]],"o":[[-1.39,-1.82],[1.956,-0.86],[1.017,-1.78],[0,-1.291],[-0.45,-1.271],[-0.822,-0.998],[-1.174,-0.626],[0,0],[0,0],[0,0],[1.839,0],[1.623,-0.47],[1.233,-0.9],[0.704,-1.33],[0,-2.739]],"v":[[298.216,-17.581],[292.552,-21.367],[297.013,-25.329],[298.539,-31.052],[297.864,-34.897],[295.956,-38.302],[292.963,-40.738],[289.03,-41.677],[266.724,-41.677],[266.724,0],[286.858,0],[292.053,-0.704],[296.338,-2.759],[299.244,-6.105],[300.3,-10.742]],"c":true},"ix":2},"nm":"B","mn":"ADBE Vector Shape - Group","hd":false},{"ind":1,"ty":"sh","ix":2,"ks":{"a":0,"k":{"i":[[0.273,-0.665],[0.47,-0.489],[0.646,-0.273],[0.743,0],[0,0],[0,0],[0,0],[-0.587,-0.294],[-0.431,-0.508],[-0.255,-0.684],[0,-0.743]],"o":[[-0.274,0.666],[-0.47,0.49],[-0.646,0.274],[0,0],[0,0],[0,0],[0.704,0],[0.587,0.294],[0.43,0.509],[0.254,0.685],[0,0.744]],"v":[[291.73,-10.155],[290.615,-8.423],[288.942,-7.279],[286.858,-6.868],[274.824,-6.868],[274.824,-17.845],[287.269,-17.845],[289.206,-17.405],[290.732,-16.201],[291.759,-14.411],[292.141,-12.268]],"c":true},"ix":2},"nm":"B","mn":"ADBE Vector Shape - Group","hd":false},{"ind":2,"ty":"sh","ix":3,"ks":{"a":0,"k":{"i":[[0,0],[-0.88,-0.939],[0,-1.604],[0.958,-0.939],[1.369,0],[0,0],[0,0]],"o":[[1.291,0],[0.88,0.939],[0,1.644],[-0.959,0.939],[0,0],[0,0],[0,0]],"v":[[285.977,-34.75],[289.235,-33.342],[290.556,-29.526],[289.118,-25.652],[285.625,-24.243],[274.824,-24.243],[274.824,-34.75]],"c":true},"ix":2},"nm":"B","mn":"ADBE Vector Shape - Group","hd":false},{"ty":"mm","mm":1,"nm":"Merge Paths 1","mn":"ADBE Vector Filter - Merge","hd":false},{"ty":"fl","c":{"a":0,"k":[1,1,1,1],"ix":4},"o":{"a":0,"k":100,"ix":5},"r":1,"bm":0,"nm":"Fill 1","mn":"ADBE Vector Graphic - Fill","hd":false},{"ty":"tr","p":{"a":1,"k":[{"i":{"x":0,"y":1},"o":{"x":0.167,"y":0.296},"t":81,"s":[145,0],"to":[-24.167,0],"ti":[24.167,0]},{"t":99.76953125,"s":[0,0]}],"ix":2},"a":{"a":0,"k":[0,0],"ix":1},"s":{"a":0,"k":[100,100],"ix":3},"r":{"a":0,"k":0,"ix":6},"o":{"a":0,"k":100,"ix":7},"sk":{"a":0,"k":0,"ix":4},"sa":{"a":0,"k":0,"ix":5},"nm":"Transform"}],"nm":"B 2","np":6,"cix":2,"bm":0,"ix":8,"mn":"ADBE Vector Group","hd":false},{"ty":"gr","it":[{"ind":0,"ty":"sh","ix":1,"ks":{"a":0,"k":{"i":[[0,0],[0,0],[0,0],[0,0],[0,0],[0,0],[0,0],[0,0],[0,0],[0,0],[0,0],[0,0]],"o":[[0,0],[0,0],[0,0],[0,0],[0,0],[0,0],[0,0],[0,0],[0,0],[0,0],[0,0],[0,0]],"v":[[316.73,-7.103],[316.73,-17.962],[334.281,-17.962],[334.281,-24.537],[316.73,-24.537],[316.73,-34.574],[337.04,-34.574],[337.04,-41.677],[308.629,-41.677],[308.629,0],[337.568,0],[337.568,-7.103]],"c":true},"ix":2},"nm":"E","mn":"ADBE Vector Shape - Group","hd":false},{"ty":"fl","c":{"a":0,"k":[1,1,1,1],"ix":4},"o":{"a":0,"k":100,"ix":5},"r":1,"bm":0,"nm":"Fill 1","mn":"ADBE Vector Graphic - Fill","hd":false},{"ty":"tr","p":{"a":1,"k":[{"i":{"x":0,"y":1},"o":{"x":0.167,"y":0.296},"t":81,"s":[101,0],"to":[-16.833,0],"ti":[16.833,0]},{"t":103,"s":[0,0]}],"ix":2},"a":{"a":0,"k":[0,0],"ix":1},"s":{"a":0,"k":[100,100],"ix":3},"r":{"a":0,"k":0,"ix":6},"o":{"a":0,"k":100,"ix":7},"sk":{"a":0,"k":0,"ix":4},"sa":{"a":0,"k":0,"ix":5},"nm":"Transform"}],"nm":"E","np":3,"cix":2,"bm":0,"ix":9,"mn":"ADBE Vector Group","hd":false},{"ty":"tr","p":{"a":0,"k":[0,0],"ix":2},"a":{"a":0,"k":[0,0],"ix":1},"s":{"a":0,"k":[100,100],"ix":3},"r":{"a":0,"k":0,"ix":6},"o":{"a":0,"k":100,"ix":7},"sk":{"a":0,"k":0,"ix":4},"sa":{"a":0,"k":0,"ix":5},"nm":"Transform"}],"nm":"Group 1","np":9,"cix":2,"bm":0,"ix":2,"mn":"ADBE Vector Group","hd":false}],"ip":77,"op":200,"st":75,"bm":0},{"ddd":0,"ind":18,"ty":4,"nm":"Burst Out 2","parent":3,"sr":1,"ks":{"o":{"a":0,"k":100,"ix":11},"r":{"a":0,"k":0,"ix":10},"p":{"a":0,"k":[-31,-23.9,0],"ix":2},"a":{"a":0,"k":[0,0,0],"ix":1},"s":{"a":0,"k":[100,100,100],"ix":6}},"ao":0,"shapes":[{"ty":"gr","it":[{"d":1,"ty":"el","s":{"a":1,"k":[{"i":{"x":[0.667,0.667],"y":[1,1]},"o":{"x":[0.167,0.167],"y":[0.167,0.167]},"t":153,"s":[14.3,14.3]},{"t":173,"s":[0,0]}],"ix":2},"p":{"a":1,"k":[{"i":{"x":0.25,"y":1},"o":{"x":0.167,"y":0.167},"t":153,"s":[0,-6],"to":[0,-16.2],"ti":[0,16.2]},{"t":170,"s":[0,-103.2]}],"ix":3},"nm":"Ellipse Path 1","mn":"ADBE Vector Shape - Ellipse","hd":false},{"ty":"fl","c":{"a":0,"k":[1,1,1,1],"ix":4},"o":{"a":0,"k":100,"ix":5},"r":1,"bm":0,"nm":"Fill 1","mn":"ADBE Vector Graphic - Fill","hd":false},{"ty":"tr","p":{"a":0,"k":[0,0],"ix":2},"a":{"a":0,"k":[0,0],"ix":1},"s":{"a":0,"k":[100,100],"ix":3},"r":{"a":0,"k":59.912,"ix":6},"o":{"a":0,"k":100,"ix":7},"sk":{"a":0,"k":0,"ix":4},"sa":{"a":0,"k":0,"ix":5},"nm":"Transform"}],"nm":"Group 1","np":2,"cix":2,"bm":0,"ix":1,"mn":"ADBE Vector Group","hd":false},{"ty":"rp","c":{"a":0,"k":12,"ix":1},"o":{"a":0,"k":0,"ix":2},"m":1,"ix":2,"tr":{"ty":"tr","p":{"a":0,"k":[0,0],"ix":2},"a":{"a":0,"k":[0,0],"ix":1},"s":{"a":0,"k":[100,100],"ix":3},"r":{"a":0,"k":30,"ix":4},"so":{"a":0,"k":100,"ix":5},"eo":{"a":0,"k":100,"ix":6},"nm":"Transform"},"nm":"Repeater 1","mn":"ADBE Vector Filter - Repeater","hd":false}],"ip":153,"op":181,"st":153,"bm":0},{"ddd":0,"ind":19,"ty":4,"nm":"Pallo 8","parent":3,"sr":1,"ks":{"o":{"a":0,"k":100,"ix":11},"r":{"a":0,"k":0,"ix":10},"p":{"a":0,"k":[-31,-23.9,0],"ix":2},"a":{"a":0,"k":[0,0,0],"ix":1},"s":{"a":0,"k":[100,100,100],"ix":6}},"ao":0,"shapes":[{"ty":"gr","it":[{"d":1,"ty":"el","s":{"a":1,"k":[{"i":{"x":[0.667,0.667],"y":[1,1]},"o":{"x":[0.333,0.333],"y":[0,0]},"t":67,"s":[0,0]},{"i":{"x":[0.667,0.667],"y":[1,1]},"o":{"x":[0.333,0.333],"y":[0,0]},"t":78,"s":[20,20]},{"t":91,"s":[0,0]}],"ix":2},"p":{"a":1,"k":[{"i":{"x":0.667,"y":1},"o":{"x":0.333,"y":0},"t":67,"s":[0,-35],"to":[0,-13.867],"ti":[0,13.867]},{"t":82,"s":[0,-118.2]}],"ix":3},"nm":"Ellipse Path 1","mn":"ADBE Vector Shape - Ellipse","hd":false},{"ty":"fl","c":{"a":0,"k":[1,1,1,1],"ix":4},"o":{"a":0,"k":100,"ix":5},"r":1,"bm":0,"nm":"Fill 1","mn":"ADBE Vector Graphic - Fill","hd":false},{"ty":"tr","p":{"a":0,"k":[0,0],"ix":2},"a":{"a":0,"k":[0,0],"ix":1},"s":{"a":0,"k":[100,100],"ix":3},"r":{"a":1,"k":[{"i":{"x":[0.833],"y":[1]},"o":{"x":[0.167],"y":[0.167]},"t":67,"s":[0]},{"t":91,"s":[68]}],"ix":6},"o":{"a":0,"k":100,"ix":7},"sk":{"a":0,"k":0,"ix":4},"sa":{"a":0,"k":0,"ix":5},"nm":"Transform"}],"nm":"Group 1","np":2,"cix":2,"bm":0,"ix":1,"mn":"ADBE Vector Group","hd":false},{"ty":"rp","c":{"a":0,"k":12,"ix":1},"o":{"a":0,"k":0,"ix":2},"m":1,"ix":2,"tr":{"ty":"tr","p":{"a":0,"k":[0,0],"ix":2},"a":{"a":0,"k":[0,0],"ix":1},"s":{"a":0,"k":[100,100],"ix":3},"r":{"a":0,"k":30,"ix":4},"so":{"a":0,"k":100,"ix":5},"eo":{"a":0,"k":100,"ix":6},"nm":"Transform"},"nm":"Repeater 1","mn":"ADBE Vector Filter - Repeater","hd":false}],"ip":66,"op":94,"st":66,"bm":0},{"ddd":0,"ind":20,"ty":4,"nm":"Pallo 7","parent":3,"sr":1,"ks":{"o":{"a":1,"k":[{"i":{"x":[0.833],"y":[0.833]},"o":{"x":[0.167],"y":[0.167]},"t":91,"s":[100]},{"t":99,"s":[0]}],"ix":11},"r":{"a":0,"k":-270,"ix":10},"p":{"a":0,"k":[-31,-23.9,0],"ix":2},"a":{"a":0,"k":[-9,-3.9,0],"ix":1},"s":{"a":0,"k":[100,100,100],"ix":6}},"ao":0,"shapes":[{"d":1,"ty":"el","s":{"a":1,"k":[{"i":{"x":[0.265,0.265],"y":[1,1]},"o":{"x":[0.166,0.166],"y":[1.853,1.853]},"t":67,"s":[0,0]},{"t":95,"s":[167.3,167.3]}],"ix":2},"p":{"a":0,"k":[-9,-3.9],"ix":3},"nm":"Ellipse Path 1","mn":"ADBE Vector Shape - Ellipse","hd":false},{"ty":"st","c":{"a":0,"k":[1,1,1,1],"ix":3},"o":{"a":0,"k":100,"ix":4},"w":{"a":1,"k":[{"i":{"x":[0.833],"y":[0.833]},"o":{"x":[0.167],"y":[0.167]},"t":66,"s":[0]},{"i":{"x":[0.667],"y":[1]},"o":{"x":[0.167],"y":[0.167]},"t":76,"s":[13]},{"t":99,"s":[0]}],"ix":5},"lc":1,"lj":1,"ml":4,"bm":0,"nm":"Stroke 1","mn":"ADBE Vector Graphic - Stroke","hd":false}],"ip":66,"op":160,"st":66,"bm":0},{"ddd":0,"ind":21,"ty":4,"nm":"Pallo 6","parent":3,"sr":1,"ks":{"o":{"a":0,"k":100,"ix":11},"r":{"a":0,"k":-270,"ix":10},"p":{"a":0,"k":[-31,-23.9,0],"ix":2},"a":{"a":0,"k":[-9,-3.9,0],"ix":1},"s":{"a":0,"k":[100,100,100],"ix":6}},"ao":0,"shapes":[{"d":1,"ty":"el","s":{"a":1,"k":[{"i":{"x":[0.547,0.547],"y":[1,1]},"o":{"x":[0.285,0.285],"y":[1.87,1.87]},"t":67,"s":[0,0]},{"t":93,"s":[188.3,188.3]}],"ix":2},"p":{"a":0,"k":[-9,-3.9],"ix":3},"nm":"Ellipse Path 1","mn":"ADBE Vector Shape - Ellipse","hd":false}],"ip":66,"op":160,"st":66,"bm":0},{"ddd":0,"ind":22,"ty":4,"nm":"Pallo 5","parent":3,"sr":1,"ks":{"o":{"a":0,"k":100,"ix":11},"r":{"a":0,"k":0,"ix":10},"p":{"a":0,"k":[-22,-20,0],"ix":2},"a":{"a":0,"k":[0,0,0],"ix":1},"s":{"a":0,"k":[100,100,100],"ix":6}},"ao":0,"shapes":[{"d":1,"ty":"el","s":{"a":1,"k":[{"i":{"x":[0.547,0.547],"y":[1,1]},"o":{"x":[0.185,0.185],"y":[3.058,3.058]},"t":66,"s":[0,0]},{"i":{"x":[0.833,0.833],"y":[1,1]},"o":{"x":[0.167,0.167],"y":[0,0]},"t":91,"s":[96.6,96.6]},{"i":{"x":[0.833,0.833],"y":[1.113,1.113]},"o":{"x":[0.175,0.175],"y":[0,0]},"t":141,"s":[96.6,96.6]},{"i":{"x":[0.833,0.833],"y":[0.833,0.833]},"o":{"x":[0.167,0.167],"y":[0.041,0.041]},"t":151,"s":[157.293,157.293]},{"t":159,"s":[22.3,22.3]}],"ix":2},"p":{"a":0,"k":[-9,-3.9],"ix":3},"nm":"Ellipse Path 1","mn":"ADBE Vector Shape - Ellipse","hd":false},{"ty":"fl","c":{"a":0,"k":[0.788235294117647,0.01568627450980392,0.01568627450980392,1],"ix":4},"o":{"a":0,"k":100,"ix":5},"r":1,"bm":0,"nm":"Fill 1","mn":"ADBE Vector Graphic - Fill","hd":false}],"ip":66,"op":160,"st":66,"bm":0},{"ddd":0,"ind":23,"ty":4,"nm":"Shape Layer 3","parent":3,"sr":1,"ks":{"o":{"a":0,"k":100,"ix":11},"r":{"a":0,"k":195,"ix":10},"p":{"a":0,"k":[-406.7,-24.1,0],"ix":2},"a":{"a":0,"k":[0,0,0],"ix":1},"s":{"a":0,"k":[100,100,100],"ix":6}},"ao":0,"shapes":[{"ty":"gr","it":[{"ty":"rc","d":1,"s":{"a":1,"k":[{"i":{"x":[0.667,0.667],"y":[1,1]},"o":{"x":[0.167,0.167],"y":[0,0.167]},"t":75,"s":[3,0]},{"i":{"x":[0.833,0.833],"y":[1,0.833]},"o":{"x":[0.333,0.333],"y":[0,0]},"t":83,"s":[3,34]},{"t":92,"s":[3,0]}],"ix":2},"p":{"a":1,"k":[{"i":{"x":0.833,"y":0.833},"o":{"x":0.167,"y":0.167},"t":75,"s":[0,0],"to":[0,-22],"ti":[0,22]},{"t":91,"s":[0,-132]}],"ix":3},"r":{"a":0,"k":0,"ix":4},"nm":"Rectangle Path 1","mn":"ADBE Vector Shape - Rect","hd":false},{"ty":"rp","c":{"a":0,"k":5,"ix":1},"o":{"a":0,"k":-405,"ix":2},"m":1,"ix":2,"tr":{"ty":"tr","p":{"a":0,"k":[0,0],"ix":2},"a":{"a":0,"k":[0,0],"ix":1},"s":{"a":0,"k":[100,100],"ix":3},"r":{"a":0,"k":64,"ix":4},"so":{"a":0,"k":100,"ix":5},"eo":{"a":0,"k":68,"ix":6},"nm":"Transform"},"nm":"Repeater 1","mn":"ADBE Vector Filter - Repeater","hd":false},{"ty":"tr","p":{"a":0,"k":[0,0],"ix":2},"a":{"a":0,"k":[0,0],"ix":1},"s":{"a":0,"k":[100,100],"ix":3},"r":{"a":0,"k":0,"ix":6},"o":{"a":0,"k":100,"ix":7},"sk":{"a":0,"k":0,"ix":4},"sa":{"a":0,"k":0,"ix":5},"nm":"Transform"}],"nm":"Group 1","np":2,"cix":2,"bm":0,"ix":1,"mn":"ADBE Vector Group","hd":false},{"ty":"fl","c":{"a":0,"k":[1,1,1,1],"ix":4},"o":{"a":0,"k":100,"ix":5},"r":1,"bm":0,"nm":"Fill 1","mn":"ADBE Vector Graphic - Fill","hd":false}],"ip":75,"op":95,"st":75,"bm":0},{"ddd":0,"ind":24,"ty":4,"nm":"Line Burst 2","parent":3,"sr":1,"ks":{"o":{"a":0,"k":100,"ix":11},"r":{"a":0,"k":195,"ix":10},"p":{"a":0,"k":[-406.7,-24.1,0],"ix":2},"a":{"a":0,"k":[0,0,0],"ix":1},"s":{"a":0,"k":[100,100,100],"ix":6}},"ao":0,"shapes":[{"ty":"gr","it":[{"ty":"rc","d":1,"s":{"a":1,"k":[{"i":{"x":[0.667,0.667],"y":[1,1]},"o":{"x":[0.167,0.167],"y":[0,0.167]},"t":20,"s":[3,0]},{"i":{"x":[0.833,0.833],"y":[1,0.833]},"o":{"x":[0.333,0.333],"y":[0,0]},"t":26,"s":[3,17.1]},{"t":31,"s":[3,0]}],"ix":2},"p":{"a":1,"k":[{"i":{"x":0.568,"y":1},"o":{"x":0.167,"y":0.167},"t":20,"s":[0,0],"to":[0,-10.394],"ti":[0,1.773]},{"t":36,"s":[0,-73]}],"ix":3},"r":{"a":0,"k":0,"ix":4},"nm":"Rectangle Path 1","mn":"ADBE Vector Shape - Rect","hd":false},{"ty":"rp","c":{"a":0,"k":8,"ix":1},"o":{"a":0,"k":0,"ix":2},"m":1,"ix":2,"tr":{"ty":"tr","p":{"a":0,"k":[0,0],"ix":2},"a":{"a":0,"k":[0,0],"ix":1},"s":{"a":0,"k":[100,100],"ix":3},"r":{"a":0,"k":64,"ix":4},"so":{"a":0,"k":100,"ix":5},"eo":{"a":0,"k":68,"ix":6},"nm":"Transform"},"nm":"Repeater 1","mn":"ADBE Vector Filter - Repeater","hd":false},{"ty":"tr","p":{"a":0,"k":[0,0],"ix":2},"a":{"a":0,"k":[0,0],"ix":1},"s":{"a":0,"k":[100,100],"ix":3},"r":{"a":0,"k":0,"ix":6},"o":{"a":0,"k":100,"ix":7},"sk":{"a":0,"k":0,"ix":4},"sa":{"a":0,"k":0,"ix":5},"nm":"Transform"}],"nm":"Group 1","np":2,"cix":2,"bm":0,"ix":1,"mn":"ADBE Vector Group","hd":false},{"ty":"fl","c":{"a":0,"k":[1,1,1,1],"ix":4},"o":{"a":0,"k":100,"ix":5},"r":1,"bm":0,"nm":"Fill 1","mn":"ADBE Vector Graphic - Fill","hd":false}],"ip":20,"op":40,"st":20,"bm":0},{"ddd":0,"ind":25,"ty":4,"nm":"Line Burst","parent":3,"sr":1,"ks":{"o":{"a":0,"k":100,"ix":11},"r":{"a":0,"k":195,"ix":10},"p":{"a":0,"k":[-406.7,-24.1,0],"ix":2},"a":{"a":0,"k":[0,0,0],"ix":1},"s":{"a":0,"k":[100,100,100],"ix":6}},"ao":0,"shapes":[{"ty":"gr","it":[{"ty":"rc","d":1,"s":{"a":1,"k":[{"i":{"x":[0.667,0.667],"y":[1,1]},"o":{"x":[0.167,0.167],"y":[0,0.167]},"t":0,"s":[3,0]},{"i":{"x":[0.833,0.833],"y":[1,0.833]},"o":{"x":[0.333,0.333],"y":[0,0]},"t":8,"s":[3,103]},{"t":17,"s":[3,0]}],"ix":2},"p":{"a":1,"k":[{"i":{"x":0.833,"y":0.833},"o":{"x":0.167,"y":0.167},"t":0,"s":[0,0],"to":[0,-22],"ti":[0,22]},{"t":16,"s":[0,-132]}],"ix":3},"r":{"a":0,"k":0,"ix":4},"nm":"Rectangle Path 1","mn":"ADBE Vector Shape - Rect","hd":false},{"ty":"rp","c":{"a":0,"k":4,"ix":1},"o":{"a":0,"k":-375,"ix":2},"m":1,"ix":2,"tr":{"ty":"tr","p":{"a":0,"k":[0,0],"ix":2},"a":{"a":0,"k":[0,0],"ix":1},"s":{"a":0,"k":[100,100],"ix":3},"r":{"a":0,"k":64,"ix":4},"so":{"a":0,"k":100,"ix":5},"eo":{"a":0,"k":68,"ix":6},"nm":"Transform"},"nm":"Repeater 1","mn":"ADBE Vector Filter - Repeater","hd":false},{"ty":"tr","p":{"a":0,"k":[0,0],"ix":2},"a":{"a":0,"k":[0,0],"ix":1},"s":{"a":0,"k":[100,100],"ix":3},"r":{"a":0,"k":0,"ix":6},"o":{"a":0,"k":100,"ix":7},"sk":{"a":0,"k":0,"ix":4},"sa":{"a":0,"k":0,"ix":5},"nm":"Transform"}],"nm":"Group 1","np":2,"cix":2,"bm":0,"ix":1,"mn":"ADBE Vector Group","hd":false},{"ty":"fl","c":{"a":0,"k":[1,1,1,1],"ix":4},"o":{"a":0,"k":100,"ix":5},"r":1,"bm":0,"nm":"Fill 1","mn":"ADBE Vector Graphic - Fill","hd":false}],"ip":0,"op":20,"st":0,"bm":0},{"ddd":0,"ind":26,"ty":1,"nm":"Medium Royal Blue Solid 2","parent":3,"sr":1,"ks":{"o":{"a":0,"k":100,"ix":11},"r":{"a":0,"k":0,"ix":10},"p":{"a":1,"k":[{"i":{"x":0.833,"y":0.941},"o":{"x":0.167,"y":0.167},"t":75,"s":[-407.45,-28,0],"to":[-1.042,-3.167,0],"ti":[2.408,-4.315,0]},{"i":{"x":0.833,"y":0.833},"o":{"x":0.167,"y":0.298},"t":80,"s":[-417.7,-27.25,0],"to":[-1,1.792,0],"ti":[-0.833,-3.375,0]},{"t":101,"s":[-418.45,-17.25,0]}],"ix":2},"a":{"a":0,"k":[129,922,0],"ix":1},"s":{"a":1,"k":[{"i":{"x":[0.833,0.833,0.833],"y":[0.833,0.833,0.833]},"o":{"x":[0.167,0.167,0.167],"y":[0.167,0.167,0.167]},"t":75,"s":[41.5,41.5,100]},{"t":94,"s":[0,0,100]}],"ix":6}},"ao":0,"hasMask":true,"masksProperties":[{"inv":false,"mode":"a","pt":{"a":0,"k":{"i":[[7.732,0],[0,-7.732],[-7.732,0],[0,7.732]],"o":[[-7.732,0],[0,7.732],[7.732,0],[0,-7.732]],"v":[[129,908],[115,922],[129,936],[143,922]],"c":true},"ix":1},"o":{"a":0,"k":100,"ix":3},"x":{"a":0,"k":0,"ix":4},"nm":"Mask 1"}],"sw":1920,"sh":1080,"sc":"#4491df","ip":75,"op":102,"st":75,"bm":0},{"ddd":0,"ind":27,"ty":1,"nm":"Medium Royal Blue Solid 2","parent":3,"sr":1,"ks":{"o":{"a":0,"k":100,"ix":11},"r":{"a":0,"k":0,"ix":10},"p":{"a":1,"k":[{"i":{"x":0.833,"y":0.913},"o":{"x":0.167,"y":0.167},"t":75,"s":[-407.45,-28,0],"to":[0.958,-5.667,0],"ti":[-4.939,-0.165,0]},{"i":{"x":0.833,"y":0.833},"o":{"x":0.167,"y":0.212},"t":80,"s":[-396.45,-48.5,0],"to":[8.75,0.292,0],"ti":[-1.083,-17.625,0]},{"t":101,"s":[-380.7,-12.25,0]}],"ix":2},"a":{"a":0,"k":[129,922,0],"ix":1},"s":{"a":1,"k":[{"i":{"x":[0.833,0.833,0.833],"y":[0.833,0.833,0.833]},"o":{"x":[0.167,0.167,0.167],"y":[0.167,0.167,0.167]},"t":75,"s":[41.5,41.5,100]},{"t":94,"s":[0,0,100]}],"ix":6}},"ao":0,"hasMask":true,"masksProperties":[{"inv":false,"mode":"a","pt":{"a":0,"k":{"i":[[7.732,0],[0,-7.732],[-7.732,0],[0,7.732]],"o":[[-7.732,0],[0,7.732],[7.732,0],[0,-7.732]],"v":[[129,908],[115,922],[129,936],[143,922]],"c":true},"ix":1},"o":{"a":0,"k":100,"ix":3},"x":{"a":0,"k":0,"ix":4},"nm":"Mask 1"}],"sw":1920,"sh":1080,"sc":"#4491df","ip":75,"op":102,"st":75,"bm":0},{"ddd":0,"ind":28,"ty":1,"nm":"Medium Royal Blue Solid 2","parent":3,"sr":1,"ks":{"o":{"a":0,"k":100,"ix":11},"r":{"a":0,"k":0,"ix":10},"p":{"a":1,"k":[{"i":{"x":0.833,"y":0.828},"o":{"x":0.167,"y":0.167},"t":75,"s":[-407.45,-23,0],"to":[0.958,-5.667,0],"ti":[-4.939,-0.165,0]},{"i":{"x":0.833,"y":0.833},"o":{"x":0.167,"y":0.165},"t":82,"s":[-394.7,-36.5,0],"to":[8.75,0.292,0],"ti":[-2.083,-21.875,0]},{"t":101,"s":[-380.45,15.25,0]}],"ix":2},"a":{"a":0,"k":[129,922,0],"ix":1},"s":{"a":1,"k":[{"i":{"x":[0.833,0.833,0.833],"y":[0.833,0.833,0.833]},"o":{"x":[0.167,0.167,0.167],"y":[0.167,0.167,0.167]},"t":75,"s":[70.5,70.5,100]},{"t":102,"s":[0,0,100]}],"ix":6}},"ao":0,"hasMask":true,"masksProperties":[{"inv":false,"mode":"a","pt":{"a":0,"k":{"i":[[7.732,0],[0,-7.732],[-7.732,0],[0,7.732]],"o":[[-7.732,0],[0,7.732],[7.732,0],[0,-7.732]],"v":[[129,908],[115,922],[129,936],[143,922]],"c":true},"ix":1},"o":{"a":0,"k":100,"ix":3},"x":{"a":0,"k":0,"ix":4},"nm":"Mask 1"}],"sw":1920,"sh":1080,"sc":"#4491df","ip":75,"op":102,"st":75,"bm":0},{"ddd":0,"ind":29,"ty":1,"nm":"Medium Royal Blue Solid 2","parent":3,"sr":1,"ks":{"o":{"a":0,"k":100,"ix":11},"r":{"a":0,"k":0,"ix":10},"p":{"a":1,"k":[{"i":{"x":0.833,"y":0.906},"o":{"x":0.167,"y":0.167},"t":75,"s":[-407.45,-23,0],"to":[-2.917,-3.333,0],"ti":[6.333,-2.042,0]},{"i":{"x":0.833,"y":0.833},"o":{"x":0.167,"y":0.217},"t":81,"s":[-424.95,-43,0],"to":[-6.333,2.042,0],"ti":[5.417,-23.875,0]},{"t":101,"s":[-445.45,-10.75,0]}],"ix":2},"a":{"a":0,"k":[129,922,0],"ix":1},"s":{"a":1,"k":[{"i":{"x":[0.833,0.833,0.833],"y":[0.833,0.833,0.833]},"o":{"x":[0.167,0.167,0.167],"y":[0.167,0.167,0.167]},"t":75,"s":[70.5,70.5,100]},{"t":102,"s":[0,0,100]}],"ix":6}},"ao":0,"hasMask":true,"masksProperties":[{"inv":false,"mode":"a","pt":{"a":0,"k":{"i":[[7.732,0],[0,-7.732],[-7.732,0],[0,7.732]],"o":[[-7.732,0],[0,7.732],[7.732,0],[0,-7.732]],"v":[[129,908],[115,922],[129,936],[143,922]],"c":true},"ix":1},"o":{"a":0,"k":100,"ix":3},"x":{"a":0,"k":0,"ix":4},"nm":"Mask 1"}],"sw":1920,"sh":1080,"sc":"#4491df","ip":75,"op":102,"st":75,"bm":0},{"ddd":0,"ind":30,"ty":3,"nm":"S kirjain","parent":3,"sr":1,"ks":{"o":{"a":0,"k":100,"ix":11},"r":{"a":1,"k":[{"i":{"x":[0.684],"y":[1]},"o":{"x":[0.229],"y":[-0.022]},"t":1,"s":[-31.815]},{"i":{"x":[0.833],"y":[1]},"o":{"x":[0.199],"y":[0]},"t":14.667,"s":[32.2]},{"i":{"x":[0.833],"y":[1]},"o":{"x":[0.167],"y":[0]},"t":28.333,"s":[-15]},{"i":{"x":[0.833],"y":[1]},"o":{"x":[0.167],"y":[0]},"t":42,"s":[7.5]},{"i":{"x":[0.833],"y":[1]},"o":{"x":[0.167],"y":[0]},"t":55.667,"s":[-3.25]},{"i":{"x":[0.833],"y":[1]},"o":{"x":[0.167],"y":[0]},"t":69.333,"s":[1.5]},{"t":83,"s":[-0.7]}],"ix":10},"p":{"a":0,"k":[-407.7,-23.9,0],"ix":2},"a":{"a":0,"k":[16.821,-20.377,0],"ix":1},"s":{"a":1,"k":[{"i":{"x":[0.667,0.667,0.667],"y":[1,1,1]},"o":{"x":[0.167,0.167,0.167],"y":[0.167,0.167,0]},"t":2,"s":[499.074,499.074,100]},{"t":28,"s":[251.074,251.074,100]}],"ix":6}},"ao":0,"ip":0,"op":94,"st":0,"bm":0},{"ddd":0,"ind":31,"ty":4,"nm":"PalloMaski3","parent":3,"td":1,"sr":1,"ks":{"o":{"a":0,"k":100,"ix":11},"r":{"a":0,"k":0,"ix":10},"p":{"a":0,"k":[-407.7,-23.9,0],"ix":2},"a":{"a":0,"k":[16.821,-20.377,0],"ix":1},"s":{"a":0,"k":[208.074,208.074,100],"ix":6}},"ao":0,"shapes":[{"ty":"gr","it":[{"d":1,"ty":"el","s":{"a":1,"k":[{"i":{"x":[0.667,0.667],"y":[1,1]},"o":{"x":[0.167,0.167],"y":[0.167,0.167]},"t":2,"s":[0,0]},{"i":{"x":[0.833,0.833],"y":[1,1]},"o":{"x":[0.333,0.333],"y":[0,0]},"t":13,"s":[124.2,124.2]},{"i":{"x":[0.833,0.833],"y":[1,1]},"o":{"x":[0.167,0.167],"y":[0,0]},"t":25,"s":[58,58]},{"i":{"x":[0.833,0.833],"y":[1,1]},"o":{"x":[0.167,0.167],"y":[0,0]},"t":85,"s":[58,58]},{"t":93,"s":[7,7]}],"ix":2},"p":{"a":0,"k":[17,-20.1],"ix":3},"nm":"Ellipse Path 1","mn":"ADBE Vector Shape - Ellipse","hd":false},{"ty":"tr","p":{"a":0,"k":[0,0],"ix":2},"a":{"a":0,"k":[0,0],"ix":1},"s":{"a":0,"k":[100,100],"ix":3},"r":{"a":0,"k":0,"ix":6},"o":{"a":0,"k":100,"ix":7},"sk":{"a":0,"k":0,"ix":4},"sa":{"a":0,"k":0,"ix":5},"nm":"Transform"}],"nm":"Group 2 ELIPSE","np":1,"cix":2,"bm":0,"ix":1,"mn":"ADBE Vector Group","hd":false},{"ty":"fl","c":{"a":0,"k":[1,0,0,1],"ix":4},"o":{"a":0,"k":100,"ix":5},"r":1,"bm":0,"nm":"Fill 1","mn":"ADBE Vector Graphic - Fill","hd":false}],"ip":0,"op":94,"st":0,"bm":0},{"ddd":0,"ind":32,"ty":1,"nm":"ThumbUp","parent":30,"tt":1,"sr":1,"ks":{"o":{"a":0,"k":100,"ix":11},"r":{"a":0,"k":0,"ix":10},"p":{"a":0,"k":[16.423,-21.11,0],"ix":2},"a":{"a":0,"k":[960,540,0],"ix":1},"s":{"a":1,"k":[{"i":{"x":[0.667,0.667,0.667],"y":[1,1,1]},"o":{"x":[0.167,0.167,0.167],"y":[0.167,0.167,-0.862]},"t":0,"s":[1.51,1.51,100]},{"i":{"x":[0.833,0.833,0.833],"y":[0.833,0.833,0.784]},"o":{"x":[0.333,0.333,0.333],"y":[0,0,0]},"t":15,"s":[5.31,5.31,100]},{"t":28,"s":[3.21,3.21,100]}],"ix":6}},"ao":0,"hasMask":true,"masksProperties":[{"inv":false,"mode":"f","pt":{"a":0,"k":{"i":[[0,0],[-49.644,48.83],[-28.41,22.529],[-22.712,-39.088],[-26.485,-13.234],[-35.551,-11.91],[0,-26.486],[-2.216,-22.414],[0,-36.195],[-8.365,-32.478],[0,-42.671],[0,-23.933],[24.63,-24.63],[39.981,-4.628],[0,57.417]],"o":[[0,-63.911],[38.844,-38.207],[21.8,-17.287],[59.653,102.664],[26.485,13.234],[27.753,9.297],[0,31.804],[2.217,22.415],[0,39.336],[8.365,32.477],[0,42.711],[0,23.014],[-24.219,24.219],[-39.981,4.628],[0,-46.688]],"v":[[738.182,556.667],[938.177,291.672],[1078.768,65.446],[1175.924,135.19],[1094.071,412.494],[1362.169,432.161],[1440.109,516.382],[1401.28,580.032],[1439.943,650.882],[1391.775,720.541],[1419.408,790.358],[1359.052,870.138],[1340.663,959.501],[1218.76,1003.596],[738.182,974.425]],"c":true},"ix":1},"o":{"a":0,"k":100,"ix":3},"x":{"a":0,"k":0,"ix":4},"nm":"Mask 1"},{"inv":false,"mode":"f","pt":{"a":0,"k":{"i":[[20.268,0],[0,0],[0,20.268],[0,0],[-20.268,0],[0,0],[0,-20.268],[0,0]],"o":[[0,0],[-20.268,0],[0,0],[0,-20.268],[0,0],[20.268,0],[0,0],[0,20.268]],"v":[[676.86,994.365],[516.741,994.365],[479.891,957.515],[479.891,565.703],[516.741,528.853],[676.86,528.853],[713.71,565.703],[713.71,957.515]],"c":true},"ix":1},"o":{"a":0,"k":100,"ix":3},"x":{"a":0,"k":0,"ix":4},"nm":"Mask 2"}],"ef":[{"ty":21,"nm":"Fill","np":9,"mn":"ADBE Fill","ix":1,"en":1,"ef":[{"ty":10,"nm":"Fill Mask","mn":"ADBE Fill-0001","ix":1,"v":{"a":0,"k":0,"ix":1}},{"ty":7,"nm":"All Masks","mn":"ADBE Fill-0007","ix":2,"v":{"a":0,"k":0,"ix":2}},{"ty":2,"nm":"Color","mn":"ADBE Fill-0002","ix":3,"v":{"a":0,"k":[1,1,1,1],"ix":3}},{"ty":7,"nm":"Invert","mn":"ADBE Fill-0006","ix":4,"v":{"a":0,"k":0,"ix":4}},{"ty":0,"nm":"Horizontal Feather","mn":"ADBE Fill-0003","ix":5,"v":{"a":0,"k":0,"ix":5}},{"ty":0,"nm":"Vertical Feather","mn":"ADBE Fill-0004","ix":6,"v":{"a":0,"k":0,"ix":6}},{"ty":0,"nm":"Opacity","mn":"ADBE Fill-0005","ix":7,"v":{"a":0,"k":1,"ix":7}}]}],"sy":[{"c":{"a":0,"k":[0,0,0,1],"ix":2},"s":{"a":0,"k":5.1,"ix":3},"ty":0,"nm":"Stroke"}],"sw":1920,"sh":1080,"sc":"#4491df","ip":0,"op":79,"st":0,"bm":0},{"ddd":0,"ind":35,"ty":4,"nm":"LIKE Outlines","parent":3,"sr":1,"ks":{"o":{"a":0,"k":100,"ix":11},"r":{"a":0,"k":0,"ix":10},"p":{"a":0,"k":[-127.7,-3,0],"ix":2},"a":{"a":0,"k":[0,0,0],"ix":1},"s":{"a":0,"k":[100,100,100],"ix":6}},"ao":0,"shapes":[{"ty":"gr","it":[{"ind":0,"ty":"sh","ix":1,"ks":{"a":0,"k":{"i":[[0,0],[0,0],[0,0],[0,0],[0,0],[0,0]],"o":[[0,0],[0,0],[0,0],[0,0],[0,0],[0,0]],"v":[[33.694,0],[33.694,-7.103],[12.444,-7.103],[12.444,-41.677],[4.344,-41.677],[4.344,0]],"c":true},"ix":2},"nm":"L","mn":"ADBE Vector Shape - Group","hd":false},{"ty":"fl","c":{"a":0,"k":[1,1,1,1],"ix":4},"o":{"a":0,"k":100,"ix":5},"r":1,"bm":0,"nm":"Fill 1","mn":"ADBE Vector Graphic - Fill","hd":false},{"ty":"tr","p":{"a":1,"k":[{"i":{"x":0,"y":1},"o":{"x":0.167,"y":0.296},"t":14,"s":[-280,0],"to":[46.667,0],"ti":[-46.667,0]},{"t":39,"s":[0,0]}],"ix":2},"a":{"a":0,"k":[0,0],"ix":1},"s":{"a":0,"k":[100,100],"ix":3},"r":{"a":0,"k":0,"ix":6},"o":{"a":0,"k":100,"ix":7},"sk":{"a":0,"k":0,"ix":4},"sa":{"a":0,"k":0,"ix":5},"nm":"Transform"}],"nm":"L","np":3,"cix":2,"bm":0,"ix":1,"mn":"ADBE Vector Group","hd":false},{"ty":"gr","it":[{"ind":0,"ty":"sh","ix":1,"ks":{"a":0,"k":{"i":[[0,0],[0,0],[0,0],[0,0]],"o":[[0,0],[0,0],[0,0],[0,0]],"v":[[47.969,0],[47.969,-41.618],[39.868,-41.618],[39.868,0]],"c":true},"ix":2},"nm":"I","mn":"ADBE Vector Shape - Group","hd":false},{"ty":"fl","c":{"a":0,"k":[1,1,1,1],"ix":4},"o":{"a":0,"k":100,"ix":5},"r":1,"bm":0,"nm":"Fill 1","mn":"ADBE Vector Graphic - Fill","hd":false},{"ty":"tr","p":{"a":1,"k":[{"i":{"x":0,"y":1},"o":{"x":0.167,"y":0.296},"t":14,"s":[-316,0],"to":[52.667,0],"ti":[-52.667,0]},{"t":35.6669921875,"s":[0,0]}],"ix":2},"a":{"a":0,"k":[0,0],"ix":1},"s":{"a":0,"k":[100,100],"ix":3},"r":{"a":0,"k":0,"ix":6},"o":{"a":0,"k":100,"ix":7},"sk":{"a":0,"k":0,"ix":4},"sa":{"a":0,"k":0,"ix":5},"nm":"Transform"}],"nm":"I","np":3,"cix":2,"bm":0,"ix":2,"mn":"ADBE Vector Group","hd":false},{"ty":"gr","it":[{"ind":0,"ty":"sh","ix":1,"ks":{"a":0,"k":{"i":[[0,0],[0,0],[0,0],[0,0],[0,0],[0,0],[0,0],[0,0],[0,0],[0,0],[0,0],[0,0]],"o":[[0,0],[0,0],[0,0],[0,0],[0,0],[0,0],[0,0],[0,0],[0,0],[0,0],[0,0],[0,0]],"v":[[66.53,0],[66.53,-12.562],[72.106,-18.608],[85.372,0],[93.943,0],[76.978,-23.187],[92.945,-41.677],[84.551,-41.677],[66.53,-21.308],[66.53,-41.618],[58.429,-41.618],[58.429,0]],"c":true},"ix":2},"nm":"K","mn":"ADBE Vector Shape - Group","hd":false},{"ty":"fl","c":{"a":0,"k":[1,1,1,1],"ix":4},"o":{"a":0,"k":100,"ix":5},"r":1,"bm":0,"nm":"Fill 1","mn":"ADBE Vector Graphic - Fill","hd":false},{"ty":"tr","p":{"a":1,"k":[{"i":{"x":0,"y":1},"o":{"x":0.167,"y":0.296},"t":14,"s":[-342,0],"to":[57,0],"ti":[-57,0]},{"t":32.3330078125,"s":[0,0]}],"ix":2},"a":{"a":0,"k":[0,0],"ix":1},"s":{"a":0,"k":[100,100],"ix":3},"r":{"a":0,"k":0,"ix":6},"o":{"a":0,"k":100,"ix":7},"sk":{"a":0,"k":0,"ix":4},"sa":{"a":0,"k":0,"ix":5},"nm":"Transform"}],"nm":"K","np":3,"cix":2,"bm":0,"ix":3,"mn":"ADBE Vector Group","hd":false},{"ty":"gr","it":[{"ind":0,"ty":"sh","ix":1,"ks":{"a":0,"k":{"i":[[0,0],[0,0],[0,0],[0,0],[0,0],[0,0],[0,0],[0,0],[0,0],[0,0],[0,0],[0,0]],"o":[[0,0],[0,0],[0,0],[0,0],[0,0],[0,0],[0,0],[0,0],[0,0],[0,0],[0,0],[0,0]],"v":[[107.49,-7.103],[107.49,-17.962],[125.041,-17.962],[125.041,-24.537],[107.49,-24.537],[107.49,-34.574],[127.8,-34.574],[127.8,-41.677],[99.389,-41.677],[99.389,0],[128.329,0],[128.329,-7.103]],"c":true},"ix":2},"nm":"E","mn":"ADBE Vector Shape - Group","hd":false},{"ty":"fl","c":{"a":0,"k":[1,1,1,1],"ix":4},"o":{"a":0,"k":100,"ix":5},"r":1,"bm":0,"nm":"Fill 1","mn":"ADBE Vector Graphic - Fill","hd":false},{"ty":"tr","p":{"a":1,"k":[{"i":{"x":0,"y":1},"o":{"x":0.167,"y":0.296},"t":14,"s":[-385,0],"to":[64.167,0],"ti":[-64.167,0]},{"t":29,"s":[0,0]}],"ix":2},"a":{"a":0,"k":[0,0],"ix":1},"s":{"a":0,"k":[100,100],"ix":3},"r":{"a":0,"k":0,"ix":6},"o":{"a":0,"k":100,"ix":7},"sk":{"a":0,"k":0,"ix":4},"sa":{"a":0,"k":0,"ix":5},"nm":"Transform"}],"nm":"E","np":3,"cix":2,"bm":0,"ix":4,"mn":"ADBE Vector Group","hd":false}],"ip":10,"op":71,"st":0,"bm":0},{"ddd":0,"ind":36,"ty":4,"nm":"RndRect","parent":3,"sr":1,"ks":{"o":{"a":0,"k":100,"ix":11},"r":{"a":0,"k":0,"ix":10},"p":{"a":0,"k":[-267.7,-23,0],"ix":2},"a":{"a":0,"k":[0,0,0],"ix":1},"s":{"a":0,"k":[100,100,100],"ix":6}},"ao":0,"shapes":[{"ty":"rc","d":1,"s":{"a":1,"k":[{"i":{"x":[0,0.667],"y":[1,1]},"o":{"x":[0.167,0.167],"y":[0.167,0]},"t":10,"s":[0,100]},{"i":{"x":[0.833,0.833],"y":[1,1]},"o":{"x":[0.167,0.167],"y":[0,0]},"t":24,"s":[509,100]},{"i":{"x":[0.833,0.833],"y":[0.833,1]},"o":{"x":[1,0.167],"y":[0,0]},"t":143,"s":[509,100]},{"t":158,"s":[0,100]}],"ix":2},"p":{"a":1,"k":[{"i":{"x":0,"y":1},"o":{"x":0.167,"y":0.296},"t":10,"s":[-97,0],"to":[24.55,0],"ti":[-24.55,0]},{"i":{"x":0,"y":0},"o":{"x":0.167,"y":0.167},"t":24,"s":[50.3,0],"to":[0,0],"ti":[0,0]},{"i":{"x":0.833,"y":0.704},"o":{"x":1,"y":0},"t":143,"s":[50.3,0],"to":[31.333,0],"ti":[-31.333,0]},{"t":158,"s":[238.3,0]}],"ix":3},"r":{"a":0,"k":19,"ix":4},"nm":"Rectangle Path 1","mn":"ADBE Vector Shape - Rect","hd":false},{"ty":"fl","c":{"a":0,"k":[0.788235294117647,0.01568627450980392,0.01568627450980392,1],"ix":4},"o":{"a":0,"k":100,"ix":5},"r":1,"bm":0,"nm":"Fill 1","mn":"ADBE Vector Graphic - Fill","hd":false}],"ip":0,"op":174,"st":0,"bm":0},{"ddd":0,"ind":37,"ty":4,"nm":"Burst Out","parent":3,"sr":1,"ks":{"o":{"a":0,"k":100,"ix":11},"r":{"a":0,"k":0,"ix":10},"p":{"a":0,"k":[-407.7,-23.9,0],"ix":2},"a":{"a":0,"k":[0,0,0],"ix":1},"s":{"a":0,"k":[100,100,100],"ix":6}},"ao":0,"shapes":[{"ty":"gr","it":[{"d":1,"ty":"el","s":{"a":1,"k":[{"i":{"x":[0.667,0.667],"y":[1,1]},"o":{"x":[0.167,0.167],"y":[0.167,0.167]},"t":75,"s":[14.3,14.3]},{"t":95,"s":[0,0]}],"ix":2},"p":{"a":1,"k":[{"i":{"x":0.25,"y":1},"o":{"x":0.167,"y":0.167},"t":75,"s":[0,-6],"to":[0,-16.2],"ti":[0,16.2]},{"t":92,"s":[0,-103.2]}],"ix":3},"nm":"Ellipse Path 1","mn":"ADBE Vector Shape - Ellipse","hd":false},{"ty":"fl","c":{"a":0,"k":[1,1,1,1],"ix":4},"o":{"a":0,"k":100,"ix":5},"r":1,"bm":0,"nm":"Fill 1","mn":"ADBE Vector Graphic - Fill","hd":false},{"ty":"tr","p":{"a":0,"k":[0,0],"ix":2},"a":{"a":0,"k":[0,0],"ix":1},"s":{"a":0,"k":[100,100],"ix":3},"r":{"a":0,"k":59.912,"ix":6},"o":{"a":0,"k":100,"ix":7},"sk":{"a":0,"k":0,"ix":4},"sa":{"a":0,"k":0,"ix":5},"nm":"Transform"}],"nm":"Group 1","np":2,"cix":2,"bm":0,"ix":1,"mn":"ADBE Vector Group","hd":false},{"ty":"rp","c":{"a":0,"k":12,"ix":1},"o":{"a":0,"k":0,"ix":2},"m":1,"ix":2,"tr":{"ty":"tr","p":{"a":0,"k":[0,0],"ix":2},"a":{"a":0,"k":[0,0],"ix":1},"s":{"a":0,"k":[100,100],"ix":3},"r":{"a":0,"k":30,"ix":4},"so":{"a":0,"k":100,"ix":5},"eo":{"a":0,"k":100,"ix":6},"nm":"Transform"},"nm":"Repeater 1","mn":"ADBE Vector Filter - Repeater","hd":false}],"ip":75,"op":103,"st":75,"bm":0},{"ddd":0,"ind":38,"ty":4,"nm":"Pallo 4","parent":3,"sr":1,"ks":{"o":{"a":0,"k":100,"ix":11},"r":{"a":0,"k":0,"ix":10},"p":{"a":0,"k":[-407.7,-23.9,0],"ix":2},"a":{"a":0,"k":[0,0,0],"ix":1},"s":{"a":0,"k":[100,100,100],"ix":6}},"ao":0,"shapes":[{"ty":"gr","it":[{"d":1,"ty":"el","s":{"a":1,"k":[{"i":{"x":[0.667,0.667],"y":[1,1]},"o":{"x":[0.333,0.333],"y":[0,0]},"t":1,"s":[0,0]},{"i":{"x":[0.667,0.667],"y":[1,1]},"o":{"x":[0.333,0.333],"y":[0,0]},"t":12,"s":[20,20]},{"t":25,"s":[0,0]}],"ix":2},"p":{"a":1,"k":[{"i":{"x":0.667,"y":1},"o":{"x":0.333,"y":0},"t":1,"s":[0,-35],"to":[0,-13.867],"ti":[0,13.867]},{"t":16,"s":[0,-118.2]}],"ix":3},"nm":"Ellipse Path 1","mn":"ADBE Vector Shape - Ellipse","hd":false},{"ty":"fl","c":{"a":0,"k":[1,1,1,1],"ix":4},"o":{"a":0,"k":100,"ix":5},"r":1,"bm":0,"nm":"Fill 1","mn":"ADBE Vector Graphic - Fill","hd":false},{"ty":"tr","p":{"a":0,"k":[0,0],"ix":2},"a":{"a":0,"k":[0,0],"ix":1},"s":{"a":0,"k":[100,100],"ix":3},"r":{"a":1,"k":[{"i":{"x":[0.833],"y":[1]},"o":{"x":[0.167],"y":[0.167]},"t":1,"s":[0]},{"t":25,"s":[68]}],"ix":6},"o":{"a":0,"k":100,"ix":7},"sk":{"a":0,"k":0,"ix":4},"sa":{"a":0,"k":0,"ix":5},"nm":"Transform"}],"nm":"Group 1","np":2,"cix":2,"bm":0,"ix":1,"mn":"ADBE Vector Group","hd":false},{"ty":"rp","c":{"a":0,"k":12,"ix":1},"o":{"a":0,"k":0,"ix":2},"m":1,"ix":2,"tr":{"ty":"tr","p":{"a":0,"k":[0,0],"ix":2},"a":{"a":0,"k":[0,0],"ix":1},"s":{"a":0,"k":[100,100],"ix":3},"r":{"a":0,"k":30,"ix":4},"so":{"a":0,"k":100,"ix":5},"eo":{"a":0,"k":100,"ix":6},"nm":"Transform"},"nm":"Repeater 1","mn":"ADBE Vector Filter - Repeater","hd":false}],"ip":0,"op":28,"st":0,"bm":0},{"ddd":0,"ind":39,"ty":4,"nm":"Pallo 3","parent":3,"sr":1,"ks":{"o":{"a":1,"k":[{"i":{"x":[0.833],"y":[0.833]},"o":{"x":[0.167],"y":[0.167]},"t":25,"s":[100]},{"t":33,"s":[0]}],"ix":11},"r":{"a":0,"k":-270,"ix":10},"p":{"a":0,"k":[-407.7,-23.9,0],"ix":2},"a":{"a":0,"k":[-9,-3.9,0],"ix":1},"s":{"a":0,"k":[100,100,100],"ix":6}},"ao":0,"shapes":[{"d":1,"ty":"el","s":{"a":1,"k":[{"i":{"x":[0.265,0.265],"y":[1,1]},"o":{"x":[0.166,0.166],"y":[1.853,1.853]},"t":1,"s":[0,0]},{"t":29,"s":[167.3,167.3]}],"ix":2},"p":{"a":0,"k":[-9,-3.9],"ix":3},"nm":"Ellipse Path 1","mn":"ADBE Vector Shape - Ellipse","hd":false},{"ty":"st","c":{"a":0,"k":[1,1,1,1],"ix":3},"o":{"a":0,"k":100,"ix":4},"w":{"a":1,"k":[{"i":{"x":[0.833],"y":[0.833]},"o":{"x":[0.167],"y":[0.167]},"t":0,"s":[0]},{"i":{"x":[0.667],"y":[1]},"o":{"x":[0.167],"y":[0.167]},"t":10,"s":[13]},{"t":33,"s":[0]}],"ix":5},"lc":1,"lj":1,"ml":4,"bm":0,"nm":"Stroke 1","mn":"ADBE Vector Graphic - Stroke","hd":false}],"ip":0,"op":94,"st":0,"bm":0},{"ddd":0,"ind":40,"ty":4,"nm":"Pallo 2","parent":3,"sr":1,"ks":{"o":{"a":0,"k":100,"ix":11},"r":{"a":0,"k":-270,"ix":10},"p":{"a":0,"k":[-407.7,-23.9,0],"ix":2},"a":{"a":0,"k":[-9,-3.9,0],"ix":1},"s":{"a":0,"k":[100,100,100],"ix":6}},"ao":0,"shapes":[{"d":1,"ty":"el","s":{"a":1,"k":[{"i":{"x":[0.547,0.547],"y":[1,1]},"o":{"x":[0.285,0.285],"y":[1.87,1.87]},"t":1,"s":[0,0]},{"t":27,"s":[188.3,188.3]}],"ix":2},"p":{"a":0,"k":[-9,-3.9],"ix":3},"nm":"Ellipse Path 1","mn":"ADBE Vector Shape - Ellipse","hd":false}],"ip":0,"op":94,"st":0,"bm":0},{"ddd":0,"ind":41,"ty":4,"nm":"Pallo","parent":3,"sr":1,"ks":{"o":{"a":0,"k":100,"ix":11},"r":{"a":0,"k":0,"ix":10},"p":{"a":0,"k":[-398.7,-20,0],"ix":2},"a":{"a":0,"k":[0,0,0],"ix":1},"s":{"a":0,"k":[100,100,100],"ix":6}},"ao":0,"shapes":[{"d":1,"ty":"el","s":{"a":1,"k":[{"i":{"x":[0.547,0.547],"y":[1,1]},"o":{"x":[0.185,0.185],"y":[3.058,3.058]},"t":0,"s":[0,0]},{"i":{"x":[0.833,0.833],"y":[1,1]},"o":{"x":[0.167,0.167],"y":[0,0]},"t":25,"s":[96.6,96.6]},{"i":{"x":[0.833,0.833],"y":[0.833,0.833]},"o":{"x":[0.175,0.175],"y":[0,0]},"t":75,"s":[96.6,96.6]},{"t":93,"s":[22.3,22.3]}],"ix":2},"p":{"a":0,"k":[-9,-3.9],"ix":3},"nm":"Ellipse Path 1","mn":"ADBE Vector Shape - Ellipse","hd":false},{"ty":"st","c":{"a":0,"k":[0.149019613862,0.149019613862,0.149019613862,1],"ix":3},"o":{"a":0,"k":17,"ix":4},"w":{"a":0,"k":6,"ix":5},"lc":1,"lj":1,"ml":4,"bm":0,"nm":"Stroke 1","mn":"ADBE Vector Graphic - Stroke","hd":false},{"ty":"fl","c":{"a":0,"k":[0.788235294117647,0.01568627450980392,0.01568627450980392,1],"ix":4},"o":{"a":0,"k":100,"ix":5},"r":1,"bm":0,"nm":"Fill 1","mn":"ADBE Vector Graphic - Fill","hd":false}],"ip":0,"op":94,"st":0,"bm":0}],"markers":[{"tm":28,"cm":"","dr":0},{"tm":75,"cm":"","dr":0}]}